Район,Адрес,Площадь (м²),Тип,Цена (руб.),Цена за м² (руб.),Комнат,Этаж,ЖК/Комплекс,Дата публикации,Ссылка,Источник,Дата сбора,Примечание
,ЖК Окинава,25.4,Новостройка,5530000,217717,студия,12/23,ЖК Окинава,2026-07-04,https://realty.yandex.ru/offer/2381453050525544722/,Яндекс.Недвижимость,2026-07-04,сдача 1кв.2029
,ЖК Окинава,60.4,Новостройка,9940000,164570,2,7/23,ЖК Окинава,2026-07-04,https://realty.yandex.ru/offer/2381453050525519828/,Яндекс.Недвижимость,2026-07-04,сдача 1кв.2029
,ЖК Окинава,39.2,Новостройка,7330000,186990,1,10/23,ЖК Окинава,2026-07-04,https://realty.yandex.ru/offer/2381453050525546577/,Яндекс.Недвижимость,2026-07-04,сдача 1кв.2029
,"проезд Капитана Куликова, 7",113,Новостройка,13669841,120972,3,12/16,ЖК Мириады,2026-07-04,https://realty.yandex.ru/offer/2591154839433372108/,Яндекс.Недвижимость,2026-07-04,скидка 10%; сдача 4кв.2025
,"улица Пожарных и Спасателей, 2к1",81.7,Новостройка,12213608,149493,3,12/24,ЖК Айвазовский,2026-07-04,https://realty.yandex.ru/offer/2591154838628926696/,Яндекс.Недвижимость,2026-07-04,скидка 15%; сдача 3кв.2026
,"улица Республики, 205к3",71,Новостройка,10500000,147887,3,5/25,Жилой район Республики 205,2026-07-04,https://realty.yandex.ru/offer/7417136328491685249/,Яндекс.Недвижимость,2026-07-04,сдача 1кв.2027
,ЖК Мидгард на Уездной,79.2,Новостройка,9910000,125126,3,11/15,ЖК Мидгард на Уездной,2026-07-04,https://realty.yandex.ru/offer/3363959457394022533/,Яндекс.Недвижимость,2026-07-04,сдача 3кв.2027
,"улица Владимира Соболевского, 3",58.2,Новостройка,9000404,154646,2,4/4,ЖК Смородина,2026-06-23,https://realty.yandex.ru/offer/4770034957028327500/,Яндекс.Недвижимость,2026-07-04,скидка 11%; сдача 3кв.2026
Дербыши (пригород),"деревня Дербыши, жилой комплекс Дабл-Дабл",40.2,Новостройка,7056855,175544,1,5/15,ЖК Дабл-Дабл,2026-07-04,https://realty.yandex.ru/offer/4770034957055289252/,Яндекс.Недвижимость,2026-07-04,сдача 3кв.2028
,жилой район Комарово Парк,52,Новостройка,10358400,199200,3,16/25,ЖК Айрис,2026-07-04,https://realty.yandex.ru/offer/4770034957029430576/,Яндекс.Недвижимость,2026-07-04,сдача 3кв.2027
,"улица Евгения Войнова, 3",76.6,Новостройка,11017600,143833,4,9/25,ЖК КОСМО,2026-07-04,https://realty.yandex.ru/offer/4642014309361592978/,Яндекс.Недвижимость,2026-07-04,сдача 1кв.2026
,"Камчатская улица, 105",69.2,Новостройка,7655040,110622,3,23/24,ЖК Беринг,2026-07-04,https://realty.yandex.ru/offer/2591154839457410562/,Яндекс.Недвижимость,2026-07-04,скидка 10%; сдача 4кв.2027
,"улица Циолковского, 1",74.3,Новостройка,14035000,188896,2,6/23,Дом Темплин,2026-07-04,https://realty.yandex.ru/offer/1722683424970700832/,Яндекс.Недвижимость,2026-07-04,сдача 2кв.2028
,ЖК На Минской,103.9,Новостройка,16720000,160924,3,2/11,Кварталы На Минской,2026-07-04,https://realty.yandex.ru/offer/7417136297487294936/,Яндекс.Недвижимость,2026-07-04,сдача 1кв.2027
,"Береговая улица, 100к2",72.6,Новостройка,11370000,156612,4,4/24,Жилой квартал Европейский берег 2.0,2026-07-04,https://realty.yandex.ru/offer/3272547638926501124/,Яндекс.Недвижимость,2026-07-04,скидка 10%; сдача 1кв.2027
,"Сосьвинская улица, 31к1",52.6,Новостройка,6700000,127376,2,5/16,ЖК СВОЙ,2026-07-04,https://realty.yandex.ru/offer/6376107463011264125/,Яндекс.Недвижимость,2026-07-04,сдача 1кв.2028
,"улица Владимира Абазарова, 11",49.3,Новостройка,6600000,133874,1,7/9,Квартал Сезоны,2026-07-04,https://realty.yandex.ru/offer/5586185102188391141/,Яндекс.Недвижимость,2026-07-04,скидка 15%; сдача 3кв.2028
,ЖК Космо,82.1,Новостройка,10555200,128565,3,16/24,Жилой квартал ФОРСО,2026-07-04,https://realty.yandex.ru/offer/2479808445105408231/,Яндекс.Недвижимость,2026-07-04,сдача 4кв.2028
,Мысовская улица,61.9,Новостройка,9800000,158320,3,6/16,ЖК Зарека,2026-07-04,https://realty.yandex.ru/offer/7417136328493473669/,Яндекс.Недвижимость,2026-07-04,сдача 2кв.2029
,"улица Виктора Тимофеева, 3",72.1,Новостройка,9888000,137143,2,16/24,Микрорайон Чемпионский,2026-07-04,https://realty.yandex.ru/offer/4079061871621964148/,Яндекс.Недвижимость,2026-07-04,сдача 4кв.2025
,ЖК Окинава,59,Новостройка,9530000,161525,2,7/23,ЖК Окинава,2026-07-04,https://realty.yandex.ru/offer/2381453050525546700/,Яндекс.Недвижимость,2026-07-04,сдача 1кв.2029
,"Краснооктябрьская улица, 4к1",143.8,Новостройка,14850000,103268,3,23/25,Квартал Октябрьский на Туре,2026-07-04,https://realty.yandex.ru/offer/7417136328604409588/,Яндекс.Недвижимость,2026-07-04,сдача 3кв.2025
,"улица Щербакова, 2к6",64.1,Новостройка,15249910,237908,2,3/8,ЖК Вознесенский,2026-07-04,https://realty.yandex.ru/offer/244099072272747702/,Яндекс.Недвижимость,2026-07-04,сдача 4кв.2027
,ЖК Окинава,88.2,Новостройка,12450000,141156,3,8/23,ЖК Окинава,2026-07-04,https://realty.yandex.ru/offer/2381453050525518954/,Яндекс.Недвижимость,2026-07-04,сдача 1кв.2029
,ЖК Окинава,22.8,Новостройка,5270000,231140,студия,9/23,ЖК Окинава,2026-07-04,https://realty.yandex.ru/offer/2381453050525546607/,Яндекс.Недвижимость,2026-07-04,сдача 1кв.2029
,ЖК Мотивы,68.9,Новостройка,9610000,139478,2,10/14,ЖК Мотивы,2026-07-04,https://realty.yandex.ru/offer/2381479491921789386/,Яндекс.Недвижимость,2026-07-04,сдача 3кв.2026
,"Арктическая улица, 6",75,Новостройка,10461600,139488,3,3/21,Жилой район Прео,2026-07-04,https://realty.yandex.ru/offer/2591154839435182633/,Яндекс.Недвижимость,2026-07-04,сдача 4кв.2026
,"Полевая улица, 117к12",55.2,Новостройка,8111460,146947,2,14/24,ЖК Фатера,2026-07-04,https://realty.yandex.ru/offer/4079061871621843962/,Яндекс.Недвижимость,2026-07-04,сдача 4кв.2026
,"улица Ивана Чистякова, 3",76.7,Новостройка,13985000,182334,3,7/17,ЖК Дивный квартал у озера,2026-07-04,https://realty.yandex.ru/offer/2381426612677536150/,Яндекс.Недвижимость,2026-07-04,сдача 3кв.2025
,ЖК Речной Порт,71.1,Новостройка,11370000,159916,3,4/10,Жилой район Речной порт,2026-07-04,https://realty.yandex.ru/offer/7417136328575874615/,Яндекс.Недвижимость,2026-07-04,сдача 1кв.2027
,"улица Муравленко, 9к3",97.6,Новостройка,16050000,164447,2,4/8,Дом у озера в Европейском квартале,2026-07-04,https://realty.yandex.ru/offer/7417136328492633756/,Яндекс.Недвижимость,2026-07-04,сдача 2кв.2027
,"улица Тимофея Кармацкого, 17",101.9,Новостройка,11893000,116712,3,3/25,ЖК Этика,2026-07-04,https://realty.yandex.ru/offer/9143280448832283232/,Яндекс.Недвижимость,2026-07-04,скидка 14%; сдача 3кв.2026
Горьковка (пригород),"село Горьковка, жилой комплекс Крылья",36.3,Новостройка,3922400,108055,1,1/4,ЖК Крылья,2026-07-04,https://realty.yandex.ru/offer/4642040748783590771/,Яндекс.Недвижимость,2026-07-04,сдача 3кв.2026
Дударева (пригород),"деревня Дударева, улица Сергея Джанбровского, 25к1",55.1,Новостройка,7150000,129764,2,3/17,ЖК Хито,2026-07-04,https://realty.yandex.ru/offer/6935088838189284010/,Яндекс.Недвижимость,2026-07-04,сдача 1кв.2028
,"улица Николая Машарова, 10",90.2,Новостройка,19870000,220288,3,7/13,Квартал Машаров,2026-07-04,https://realty.yandex.ru/offer/606226338965599143/,Яндекс.Недвижимость,2026-07-04,сдача 1кв.2026
Дударева (пригород),"деревня Дударева, улица Сергея Джанбровского, 19к1",61.9,Новостройка,10260000,165751,2,6/15,Квартал АСТРО,2026-07-04,https://realty.yandex.ru/offer/6012295836514540245/,Яндекс.Недвижимость,2026-07-04,сдача 3кв.2026
,жилой комплекс Отличие,69.3,Новостройка,8523900,123000,2,5/16,ЖК Отличие,2026-07-04,https://realty.yandex.ru/offer/4079061871621868851/,Яндекс.Недвижимость,2026-07-04,сдача 1кв.2027
,ЖК UNO,74.1,Новостройка,8521500,115000,3,16/17,ЖК УНО Умный квартал,2026-07-04,https://realty.yandex.ru/offer/4079061871621816859/,Яндекс.Недвижимость,2026-07-04,сдача 1кв.2027
,"Краснооктябрьская улица, 12",65.8,Новостройка,7548000,114711,2,16/24,ЖК ДОК,2026-07-04,https://realty.yandex.ru/offer/9143280448832194918/,Яндекс.Недвижимость,2026-07-04,скидка 16%; сдача 3кв.2026
,ЖК Мидгард в Комарово Парк,66.2,Новостройка,8510000,128550,2,12/17,ЖК Мидгард в Комарово парк,2026-07-04,https://realty.yandex.ru/offer/3363959457336074233/,Яндекс.Недвижимость,2026-07-04,сдача 3кв.2028
,"2-я Луговая улица, 24к1",59,Новостройка,5988000,101492,2 (апартаменты),9/9,ЖК OK SALUT,2026-07-04,https://realty.yandex.ru/offer/9143280448832168843/,Яндекс.Недвижимость,2026-07-04,скидка 20%; сдача 4кв.2021
,жилой комплекс Сибирский,24.7,Новостройка,2979200,120615,студия,12/17,ЖК Сибирский,2026-07-04,https://realty.yandex.ru/offer/4642067187657460013/,Яндекс.Недвижимость,2026-07-04,сдача 3кв.2026
,"Новгородская улица, 20",54.3,Новостройка,11360000,209208,2,2/16,ЖК Да. Квартал Централь,2026-07-04,https://realty.yandex.ru/offer/1669521698995099182/,Яндекс.Недвижимость,2026-07-04,сдача 1кв.2024
,"Холодильная улица, 23",52.4,Новостройка,7700000,146947,1,12/17,ЖК Северное Сияние,2026-07-04,https://realty.yandex.ru/offer/4054446583332884613/,Яндекс.Недвижимость,2026-07-04,сдача 1кв.2028
,ЖК Окинава,84.4,Новостройка,12370000,146564,3,13/23,ЖК Окинава,2026-07-04,https://realty.yandex.ru/offer/2381453050525519761/,Яндекс.Недвижимость,2026-07-04,сдача 1кв.2029
Дударева (пригород),"деревня Дударева, улица Сергея Джанбровского, 27к1",98.2,Новостройка,11143000,113473,4,10/14,ЖК Гринвуд,2026-07-04,https://realty.yandex.ru/offer/9143280448832316123/,Яндекс.Недвижимость,2026-07-04,скидка 13%; сдача 4кв.2025
,ЖК Окинава,22.8,Новостройка,5240000,229825,студия,6/23,ЖК Окинава,2026-07-04,https://realty.yandex.ru/offer/2381453050525546706/,Яндекс.Недвижимость,2026-07-04,сдача 1кв.2029
,"улица Игоря Комиссарова, 19",49.7,Новостройка,8610000,173239,3,1/4,ЖК Эклипт,2026-05-22,https://realty.yandex.ru/offer/1529828714573628606/,Яндекс.Недвижимость,2026-07-04,сдача 2кв.2025
,"улица Юрия Рогачева, 9к2",77.5,Новостройка,9689203,125022,3,18/24,ЖК Чаркова 72,2026-07-02,https://realty.yandex.ru/offer/6128662767862108020/,Яндекс.Недвижимость,2026-07-04,скидка 20%; сдача 2кв.2025
,"улица Республики, 204к12",52.5,Новостройка,7650000,145714,2,15/16,ЖК Дом на Большой Спасской,2026-06-18,https://realty.yandex.ru/offer/2630885215273863132/,Яндекс.Недвижимость,2026-07-04,сдача 3кв.2025
,"улица Мельникайте, 30к4",132.7,Новостройка,17080000,128711,3,1/17,Микрорайон Правобережный,2026-06-11,https://realty.yandex.ru/offer/2948586794057963847/,Яндекс.Недвижимость,2026-07-04,сдача 4кв.2018
Дударева (пригород),"деревня Дударева, улица Сергея Джанбровского, 21к5",73.3,Новостройка,8656000,118090,3,7/14,ЖК МАКС,2026-07-03,https://realty.yandex.ru/offer/2275033573073376255/,Яндекс.Недвижимость,2026-07-04,сдача 4кв.2027
,"улица Сергея Корепанова, 34",51.3,Новостройка,7546500,147105,2,14/17,ЖК Скандиа. Квартал у Леса,2026-05-04,https://realty.yandex.ru/offer/3091251148109423489/,Яндекс.Недвижимость,2026-07-04,скидка 10%; сдача 4кв.2027
,ЖК Игрим,66,Новостройка,9172456,138977,3,3/18,ЖК ИГРИМ,2026-06-30,https://realty.yandex.ru/offer/2280797409161167950/,Яндекс.Недвижимость,2026-07-04,сдача 2кв.2028
,"улица Фармана Салманова, 5к2",144.8,Новостройка,19750000,136395,4,1/2,Квартал Скандиа. Таунхаусы,2026-07-01,https://realty.yandex.ru/offer/3117505696488909539/,Яндекс.Недвижимость,2026-07-04,сдача 2кв.2025
,"улица Алексея Сергиенко, 1",37.2,Новостройка,4980000,133871,1,2/8,ЖК Эпитеты,2026-06-02,https://realty.yandex.ru/offer/7011501054652532228/,Яндекс.Недвижимость,2026-07-04,сдача 2кв.2027
,"Лесопарковая улица, 22",38.3,Новостройка,6260000,163446,1,7/24,Городские кварталы Чистые пруды,2026-07-04,https://realty.yandex.ru/offer/6424044841181790431/,Яндекс.Недвижимость,2026-07-04,сдача 3кв.2027
,жилой район Комарово Парк,58.6,Новостройка,8210000,140102,2,16/19,ЖК Символ,2026-07-03,https://realty.yandex.ru/offer/2300415608631845039/,Яндекс.Недвижимость,2026-07-04,сдача 2кв.2028
Дударева (пригород),"деревня Дударева, ЖК Макс",31.3,Новостройка,4480000,143131,студия,2/14,ЖК МАКС,2026-07-03,https://realty.yandex.ru/offer/2275033573073380814/,Яндекс.Недвижимость,2026-07-04,сдача 4кв.2027
,ЖК Окинава,37.9,Новостройка,7040000,185752,1,8/23,ЖК Окинава,2026-07-04,https://realty.yandex.ru/offer/2381453050525546636/,Яндекс.Недвижимость,2026-07-04,сдача 1кв.2029
,"улица Евгения Войнова, 8",76.5,Новостройка,10900000,142484,1,6/23,ЖК Добро,2026-06-04,https://realty.yandex.ru/offer/7038521492056671879/,Яндекс.Недвижимость,2026-07-04,сдача 4кв.2027
Дударева (пригород),"деревня Дударева, улица Сергея Джанбровского, 21к3",39.6,Новостройка,7660000,193434,1,1/14,ЖК МАКС,2026-07-02,https://realty.yandex.ru/offer/3243754889418200840/,Яндекс.Недвижимость,2026-07-04,сдача 4кв.2027
,ЖК Игрим,67.1,Новостройка,9537417,142137,3,5/18,ЖК ИГРИМ,2026-06-30,https://realty.yandex.ru/offer/2280797409161146093/,Яндекс.Недвижимость,2026-07-04,сдача 2кв.2028
,"улица Игоря Комиссарова, 18",57.8,Новостройка,9890000,171107,3,2/4,ЖК Эклипт,2026-05-22,https://realty.yandex.ru/offer/14989190219173883/,Яндекс.Недвижимость,2026-07-04,сдача 2кв.2025
,"улица Муравленко, 9к1",170.7,Новостройка,21410000,125425,4,1/9,ЖК Европейский квартал,2026-06-25,https://realty.yandex.ru/offer/5202336271495513532/,Яндекс.Недвижимость,2026-07-04,сдача 2кв.2026
,"улица Защитников Отечества, 44",78.3,Новостройка,9000000,114943,3,2/19,ЖК Набережный квартал,2026-06-02,https://realty.yandex.ru/offer/3750976225139616472/,Яндекс.Недвижимость,2026-07-04,сдача 1кв.2026
,"микрорайон Лесобаза, жилой комплекс Кедровый Берег",31.5,Новостройка,6560000,208254,студия,4/5,Микрорайон Кедровый берег,2026-06-30,https://realty.yandex.ru/offer/2300442049111115936/,Яндекс.Недвижимость,2026-07-04,сдача 3кв.2026
,ЖК Окинава,41.6,Новостройка,7450000,179087,1,8/23,ЖК Окинава,2026-07-04,https://realty.yandex.ru/offer/2381453050525546637/,Яндекс.Недвижимость,2026-07-04,сдача 1кв.2029
,"улица Тимофея Кармацкого, 17",71.8,Новостройка,9561000,133162,2,4/25,ЖК Этика,2026-07-04,https://realty.yandex.ru/offer/9143280448832257471/,Яндекс.Недвижимость,2026-07-04,скидка 14%; сдача 4кв.2026
,"микрорайон Лесобаза, жилой комплекс Кедровый Берег",48.2,Новостройка,7430000,154149,1,2/5,Микрорайон Кедровый берег,2026-06-29,https://realty.yandex.ru/offer/2300442049111115903/,Яндекс.Недвижимость,2026-07-04,сдача 3кв.2026
,"улица Геннадия Райкова, 21",51.8,Новостройка,8470000,163514,2,9/9,ЖК Скандиа. Квартал в Комарово Парк,2026-06-01,https://realty.yandex.ru/offer/3117479255836074546/,Яндекс.Недвижимость,2026-07-04,сдача 1кв.2026
,"Тюменский муниципальный округ, посёлок Московский",27.9,Новостройка,3990000,143011,студия,2/8,ЖК Листопад,2026-05-12,https://realty.yandex.ru/offer/7567095313132845246/,Яндекс.Недвижимость,2026-07-04,сдача 4кв.2027
,"Ставропольская улица, 1",67,Новостройка,9700000,144776,2,10/14,ЖК Ставропольская,2026-06-01,https://realty.yandex.ru/offer/7011501055510451526/,Яндекс.Недвижимость,2026-07-04,сдача 3кв.2026
,"Таёжная улица, 6",27.9,Новостройка,4600000,164875,студия,20/25,Жилой дом ТОЛК МЕДНЫЙ,2026-05-19,https://realty.yandex.ru/offer/4686979843455217148/,Яндекс.Недвижимость,2026-07-04,сдача 2кв.2027
,"улица Игоря Комиссарова, 9",33.8,Новостройка,6760000,200000,2,4/4,ЖК Эклипт,2026-05-25,https://realty.yandex.ru/offer/6230705307733164683/,Яндекс.Недвижимость,2026-07-04,сдача 2кв.2025
,"улица Муравленко, 9к3",67.8,Новостройка,12550000,185103,2,4/8,ЖК Европейский квартал,2026-06-30,https://realty.yandex.ru/offer/5202336271497420245/,Яндекс.Недвижимость,2026-07-04,сдача 2кв.2027
,"улица Защитников Отечества, 44",78.3,Новостройка,9600000,122605,3,5/19,ЖК Набережный квартал,2026-05-22,https://realty.yandex.ru/offer/7355480196758168307/,Яндекс.Недвижимость,2026-07-04,сдача 1кв.2026
,ЖК Окинава,61,Новостройка,9970000,163443,2,10/23,ЖК Окинава,2026-07-04,https://realty.yandex.ru/offer/2381453050525518926/,Яндекс.Недвижимость,2026-07-04,сдача 1кв.2029
,"микрорайон Лесобаза, жилой комплекс Кедровый Берег",63.4,Новостройка,7190000,113407,2,2/5,Микрорайон Кедровый берег,2026-07-03,https://realty.yandex.ru/offer/2300442049111116930/,Яндекс.Недвижимость,2026-07-04,сдача 3кв.2026
,"Тюменский муниципальный округ, посёлок Московский",69.4,Новостройка,8190000,118012,2,8/8,ЖК Листопад,2026-05-12,https://realty.yandex.ru/offer/7567095313132844255/,Яндекс.Недвижимость,2026-07-04,сдача 4кв.2027
,"Ставропольская улица, 1",38.6,Новостройка,6240000,161658,1,2/14,ЖК Ставропольская,2026-06-01,https://realty.yandex.ru/offer/7011501055510451364/,Яндекс.Недвижимость,2026-07-04,сдача 3кв.2026
,"улица Евгения Войнова, 8",47.5,Новостройка,8000000,168421,1,14/23,ЖК Добро,2026-06-14,https://realty.yandex.ru/offer/7038521493947297301/,Яндекс.Недвижимость,2026-07-04,сдача 3кв.2028
,ЖК Символ,39.2,Новостройка,6190000,157908,1,5/19,ЖК Символ,2026-07-01,https://realty.yandex.ru/offer/2300415609491492210/,Яндекс.Недвижимость,2026-07-04,сдача 3кв.2027
,"улица Муравленко, 9к1",169,Новостройка,20860000,123432,4,1/9,ЖК Европейский квартал,2026-06-25,https://realty.yandex.ru/offer/5198905007426542430/,Яндекс.Недвижимость,2026-07-04,сдача 2кв.2026
,"микрорайон Лесобаза, жилой комплекс Кедровый Берег",63.3,Новостройка,8200000,129542,2,2/5,Микрорайон Кедровый берег,2026-07-03,https://realty.yandex.ru/offer/2300442049111117017/,Яндекс.Недвижимость,2026-07-04,сдача 3кв.2026
,"Ставропольская улица, 1",67.6,Новостройка,9700000,143491,2,2/14,ЖК Ставропольская,2026-05-31,https://realty.yandex.ru/offer/7011501055510451525/,Яндекс.Недвижимость,2026-07-04,сдача 3кв.2026
,ЖК Символ,37.8,Новостройка,6160000,162963,1,15/19,ЖК Символ,2026-07-01,https://realty.yandex.ru/offer/2300415609491638408/,Яндекс.Недвижимость,2026-07-04,сдача 3кв.2027
,ЖК Концепт,49.5,Новостройка,6950000,140404,2,4/14,Жилой дом Концепт,2026-05-21,https://realty.yandex.ru/offer/6354191523729468573/,Яндекс.Недвижимость,2026-07-04,сдача 1кв.2027
,ЖК Челюскинцев 5,73.1,Новостройка,20480000,280164,2,2/8,ЖК Челюскинцев,2026-05-12,https://realty.yandex.ru/offer/1841930753865417194/,Яндекс.Недвижимость,2026-07-04,сдача 4кв.2027
,"микрорайон Лесобаза, жилой комплекс Кедровый Берег",46.1,Новостройка,7230000,156833,1,4/5,Микрорайон Кедровый берег,2026-06-29,https://realty.yandex.ru/offer/2300442049111115006/,Яндекс.Недвижимость,2026-07-04,сдача 3кв.2026
,"Тюменский муниципальный округ, посёлок Московский",69.4,Новостройка,8190000,118012,2,2/8,ЖК Листопад,2026-05-12,https://realty.yandex.ru/offer/7567095313132844248/,Яндекс.Недвижимость,2026-07-04,сдача 4кв.2027
,"улица Евгения Войнова, 8",73.8,Новостройка,10900000,147696,2,9/23,ЖК Добро,2026-06-29,https://realty.yandex.ru/offer/6374622579602224184/,Яндекс.Недвижимость,2026-07-04,сдача 4кв.2027
,ЖК Символ,37.8,Новостройка,6160000,162963,1,5/19,ЖК Символ,2026-07-01,https://realty.yandex.ru/offer/2300415609491549091/,Яндекс.Недвижимость,2026-07-04,сдача 3кв.2027
,"улица Муравленко, 9к3",78.4,Новостройка,11740000,149745,2,7/8,ЖК Европейский квартал,2026-06-02,https://realty.yandex.ru/offer/5202336271497238743/,Яндекс.Недвижимость,2026-07-04,сдача 2кв.2027
,жилой район Комарово Парк,27.2,Новостройка,4890000,179779,студия,14/19,ЖК Символ,2026-06-24,https://realty.yandex.ru/offer/2300415608631845101/,Яндекс.Недвижимость,2026-07-04,сдача 2кв.2028
,"улица Игоря Комиссарова, 21",54.6,Новостройка,9410000,172344,3,3/4,ЖК Эклипт,2026-05-22,https://realty.yandex.ru/offer/3895636968479471609/,Яндекс.Недвижимость,2026-07-04,сдача 2кв.2025
,"Тюменский муниципальный округ, посёлок Московский",35.8,Новостройка,4990000,139385,1,3/8,ЖК Листопад,2026-05-12,https://realty.yandex.ru/offer/7567095313132844123/,Яндекс.Недвижимость,2026-07-04,сдача 4кв.2027
,"улица Евгения Войнова, 8",48.2,Новостройка,8450000,175311,1,9/23,ЖК Добро,2026-06-11,https://realty.yandex.ru/offer/7038521493947275048/,Яндекс.Недвижимость,2026-07-04,сдача 3кв.2028
,ЖК Символ,32.7,Новостройка,5790000,177064,1,13/19,ЖК Символ,2026-07-01,https://realty.yandex.ru/offer/2300415609491638504/,Яндекс.Недвижимость,2026-07-04,сдача 3кв.2027
,"улица Муравленко, 9к1",111.8,Новостройка,14120000,126297,2,8/9,ЖК Европейский квартал,2026-06-29,https://realty.yandex.ru/offer/5202336271495513527/,Яндекс.Недвижимость,2026-07-04,сдача 2кв.2026
,ЖК Окинава,88.2,Новостройка,12420000,140816,3,7/23,ЖК Окинава,2026-07-04,https://realty.yandex.ru/offer/2381453050525518959/,Яндекс.Недвижимость,2026-07-04,сдача 1кв.2029
,"микрорайон Лесобаза, жилой комплекс Кедровый Берег",31.5,Новостройка,6260000,198730,студия,3/5,Микрорайон Кедровый берег,2026-06-30,https://realty.yandex.ru/offer/2300442049111115035/,Яндекс.Недвижимость,2026-07-04,сдача 3кв.2026
,"Тюменский муниципальный округ, посёлок Московский",37.7,Новостройка,5190000,137666,2,4/8,ЖК Листопад,2026-05-12,https://realty.yandex.ru/offer/7567095313132844099/,Яндекс.Недвижимость,2026-07-04,сдача 4кв.2027
,"улица Евгения Войнова, 8",68.9,Новостройка,9500000,137881,2,2/23,ЖК Добро,2026-06-22,https://realty.yandex.ru/offer/7038521493947274209/,Яндекс.Недвижимость,2026-07-04,сдача 3кв.2028
,жилой район Комарово Парк,56.6,Новостройка,8600000,151943,2,7/19,ЖК Символ,2026-06-23,https://realty.yandex.ru/offer/2300415608631866331/,Яндекс.Недвижимость,2026-07-04,сдача 2кв.2028
,"улица Муравленко, 9к1",90.4,Новостройка,12770000,141261,2,1/9,ЖК Европейский квартал,2026-06-24,https://realty.yandex.ru/offer/5198905007426542403/,Яндекс.Недвижимость,2026-07-04,сдача 2кв.2026
,"Тюменский муниципальный округ, посёлок Московский",53.8,Новостройка,6990000,129926,2,6/8,ЖК Листопад,2026-05-12,https://realty.yandex.ru/offer/7567095313132844993/,Яндекс.Недвижимость,2026-07-04,сдача 4кв.2027
,"улица Евгения Войнова, 8",77.7,Новостройка,13400000,172458,2,13/23,ЖК Добро,2026-05-26,https://realty.yandex.ru/offer/7038521492288602599/,Яндекс.Недвижимость,2026-07-04,сдача 4кв.2027
,ЖК Символ,53.7,Новостройка,7790000,145065,2,8/19,ЖК Символ,2026-06-26,https://realty.yandex.ru/offer/2300415609491637348/,Яндекс.Недвижимость,2026-07-04,сдача 3кв.2027
Дербыши (пригород),"деревня Дербыши, жилой комплекс Дабл-Дабл",90.5,Новостройка,13109103,144852,3,11/15,ЖК Дабл-Дабл,2026-07-04,https://realty.yandex.ru/offer/4770034957055290064/,Яндекс.Недвижимость,2026-07-04,скидка 16%; сдача 3кв.2028
,ЖК Символ,59,Новостройка,7280000,123390,2,2/19,ЖК Символ,2026-06-26,https://realty.yandex.ru/offer/2300415609491492271/,Яндекс.Недвижимость,2026-07-04,сдача 3кв.2027
,"улица Игоря Комиссарова, 23",25.2,Новостройка,6230000,247222,1,1/4,ЖК Эклипт,2026-06-11,https://realty.yandex.ru/offer/5698752187371611637/,Яндекс.Недвижимость,2026-07-04,сдача 2кв.2025
,жилой район Комарово Парк,44.4,Новостройка,7160000,161261,1,10/19,ЖК Символ,2026-06-24,https://realty.yandex.ru/offer/2300415608631845195/,Яндекс.Недвижимость,2026-07-04,сдача 2кв.2028
,"улица Муравленко, 9к3",68.4,Новостройка,12880000,188304,2,7/8,ЖК Европейский квартал,2026-06-02,https://realty.yandex.ru/offer/5202336271497420156/,Яндекс.Недвижимость,2026-07-04,сдача 2кв.2027
Ембаево (пригород),"село Ембаево, ЖК Ритмы",57.5,Новостройка,8610000,149739,1,4/4,ЖК Ритмы,2026-06-29,https://realty.yandex.ru/offer/4777412257923888948/,Яндекс.Недвижимость,2026-07-04,сдача 3кв.2026
,"Тюменский муниципальный округ, посёлок Московский",45.3,Новостройка,5990000,132230,1,5/8,ЖК Листопад,2026-05-12,https://realty.yandex.ru/offer/7567095313132845028/,Яндекс.Недвижимость,2026-07-04,сдача 4кв.2027
,"улица Муравленко, 9к3",170.6,Новостройка,22790000,133587,2,1/2,ЖК Европейский квартал,2026-06-02,https://realty.yandex.ru/offer/5198905007428268363/,Яндекс.Недвижимость,2026-07-04,сдача 2кв.2027
,"улица Василия Малкова, 12",26.7,Новостройка,4840000,181273,студия,2/9,ЖК Скандиа. Квартал в Комарово Парк,2026-06-21,https://realty.yandex.ru/offer/3117479255037283652/,Яндекс.Недвижимость,2026-07-04,сдача 2кв.2024
,ЖК Символ,53.7,Новостройка,7640000,142272,2,16/19,ЖК Символ,2026-07-01,https://realty.yandex.ru/offer/2300415609491518223/,Яндекс.Недвижимость,2026-07-04,сдача 3кв.2027
,ЖК Символ,59.9,Новостройка,8560000,142905,2,16/19,ЖК Символ,2026-06-23,https://realty.yandex.ru/offer/2300415609491460500/,Яндекс.Недвижимость,2026-07-04,сдача 3кв.2027
,"улица Игоря Комиссарова, 19",25.2,Новостройка,5160000,204762,1,4/4,ЖК Эклипт,2026-05-22,https://realty.yandex.ru/offer/9183963584617262655/,Яндекс.Недвижимость,2026-07-04,сдача 2кв.2025
,"улица Муравленко, 9к1",51.4,Новостройка,9540000,185603,1,7/9,ЖК Европейский квартал,2026-06-29,https://realty.yandex.ru/offer/5198905007426635561/,Яндекс.Недвижимость,2026-07-04,сдача 2кв.2026
,жилой район Комарово Парк,56.7,Новостройка,8620000,152028,2,3/19,ЖК Символ,2026-06-23,https://realty.yandex.ru/offer/2300415608631866304/,Яндекс.Недвижимость,2026-07-04,сдача 2кв.2028
,"улица Муравленко, 9к1",52.8,Новостройка,9620000,182197,1,6/9,ЖК Европейский квартал,2026-06-29,https://realty.yandex.ru/offer/5198905007426541596/,Яндекс.Недвижимость,2026-07-04,сдача 2кв.2026
,"Тюменский муниципальный округ, посёлок Московский",69.4,Новостройка,8190000,118012,2,2/8,ЖК Листопад,2026-05-12,https://realty.yandex.ru/offer/7567095313132844279/,Яндекс.Недвижимость,2026-07-04,сдача 4кв.2027
,жилой район Комарово Парк,59.7,Новостройка,8300000,139028,2,9/19,ЖК Символ,2026-06-23,https://realty.yandex.ru/offer/2300415608631845220/,Яндекс.Недвижимость,2026-07-04,сдача 2кв.2028
,"улица Геннадия Райкова, 21",64.5,Новостройка,9130000,141550,2,5/9,ЖК Скандиа. Квартал в Комарово Парк,2026-06-03,https://realty.yandex.ru/offer/3117479255836074330/,Яндекс.Недвижимость,2026-07-04,сдача 1кв.2026
,"Тюменский муниципальный округ, посёлок Московский",45.3,Новостройка,5990000,132230,1,5/8,ЖК Листопад,2026-05-12,https://realty.yandex.ru/offer/7567095313132845025/,Яндекс.Недвижимость,2026-07-04,сдача 4кв.2027
,ЖК Символ,58.9,Новостройка,8480000,143973,2,6/19,ЖК Символ,2026-06-26,https://realty.yandex.ru/offer/2300415609491606666/,Яндекс.Недвижимость,2026-07-04,сдача 3кв.2027
,"улица Муравленко, 9к3",54.1,Новостройка,10290000,190203,1,4/8,ЖК Европейский квартал,2026-06-02,https://realty.yandex.ru/offer/5202336271497336518/,Яндекс.Недвижимость,2026-07-04,сдача 2кв.2027
,"улица Василия Малкова, 12",51.6,Новостройка,7730000,149806,2,16/9,ЖК Скандиа. Квартал в Комарово Парк,2026-06-23,https://realty.yandex.ru/offer/3117479255037281728/,Яндекс.Недвижимость,2026-07-04,сдача 2кв.2024
,"улица Защитников Отечества, 44",49.1,Новостройка,6600000,134420,2,6/19,ЖК Набережный квартал,2026-05-29,https://realty.yandex.ru/offer/1643025008444025388/,Яндекс.Недвижимость,2026-07-04,сдача 1кв.2026
,"Тюменский муниципальный округ, посёлок Московский",64.4,Новостройка,7690000,119410,2,2/8,ЖК Листопад,2026-05-12,https://realty.yandex.ru/offer/7567095313132844191/,Яндекс.Недвижимость,2026-07-04,сдача 4кв.2027
,"Алматинская улица, 10",46.5,Новостройка,7483840,160943,2,18/25,ЖК ДомОтель,2026-06-29,https://realty.yandex.ru/offer/6899405114266559001/,Яндекс.Недвижимость,2026-07-04,сдача 4кв.2026
,ЖК Символ,59.5,Новостройка,8390000,141008,2,4/19,ЖК Символ,2026-06-26,https://realty.yandex.ru/offer/2300415609491637537/,Яндекс.Недвижимость,2026-07-04,сдача 3кв.2027
,жилой район Комарово Парк,44.4,Новостройка,7160000,161261,1,9/19,ЖК Символ,2026-06-24,https://realty.yandex.ru/offer/2300415608631845224/,Яндекс.Недвижимость,2026-07-04,сдача 2кв.2028
,"улица Муравленко, 9к3",54.6,Новостройка,11110000,203480,2,3/8,ЖК Европейский квартал,2026-06-02,https://realty.yandex.ru/offer/5198905007428365386/,Яндекс.Недвижимость,2026-07-04,сдача 2кв.2027
,"улица Евгения Войнова, 8",61.2,Новостройка,9800000,160131,2,6/23,ЖК Добро,2026-07-04,https://realty.yandex.ru/offer/7038521492056671877/,Яндекс.Недвижимость,2026-07-04,сдача 4кв.2027
,ЖК Символ,57.7,Новостройка,8310000,144021,2,5/19,ЖК Символ,2026-06-26,https://realty.yandex.ru/offer/2300415609491606667/,Яндекс.Недвижимость,2026-07-04,сдача 3кв.2027
,"улица Муравленко, 9к3",42.9,Новостройка,8980000,209324,1,3/8,ЖК Европейский квартал,2026-06-26,https://realty.yandex.ru/offer/5198905007428484612/,Яндекс.Недвижимость,2026-07-04,сдача 2кв.2027
,"улица Евгения Войнова, 8",70.7,Новостройка,10400000,147100,2,22/23,ЖК Добро,2026-06-03,https://realty.yandex.ru/offer/7038521492056674019/,Яндекс.Недвижимость,2026-07-04,сдача 4кв.2027
,"улица Тимофея Кармацкого, 17",71.5,Новостройка,9461000,132322,2,16/25,ЖК Этика,2026-07-04,https://realty.yandex.ru/offer/9143280448832258430/,Яндекс.Недвижимость,2026-07-04,скидка 14%; сдача 4кв.2026
,"улица Муравленко, 9к3",70.8,Новостройка,12190000,172175,2,4/8,ЖК Европейский квартал,2026-06-30,https://realty.yandex.ru/offer/5202336271497420118/,Яндекс.Недвижимость,2026-07-04,сдача 2кв.2027
,ЖК Символ,58.9,Новостройка,8480000,143973,2,3/19,ЖК Символ,2026-06-26,https://realty.yandex.ru/offer/2300415609491606752/,Яндекс.Недвижимость,2026-07-04,сдача 3кв.2027
,"улица Муравленко, 9к3",43.3,Новостройка,9120000,210624,1,6/8,ЖК Европейский квартал,2026-06-02,https://realty.yandex.ru/offer/5198905007428484610/,Яндекс.Недвижимость,2026-07-04,сдача 2кв.2027
,ЖК Символ,58.9,Новостройка,8420000,142954,2,11/19,ЖК Символ,2026-06-23,https://realty.yandex.ru/offer/2300415609491489456/,Яндекс.Недвижимость,2026-07-04,сдача 3кв.2027
,"улица Евгения Войнова, 8",61.8,Новостройка,10700000,173139,1,14/23,ЖК Добро,2026-06-04,https://realty.yandex.ru/offer/7038521493947297278/,Яндекс.Недвижимость,2026-07-04,сдача 3кв.2028
,жилой район Комарово Парк,59.7,Новостройка,8300000,139028,2,8/19,ЖК Символ,2026-06-23,https://realty.yandex.ru/offer/2300415608631845249/,Яндекс.Недвижимость,2026-07-04,сдача 2кв.2028
,"улица Муравленко, 9к3",94.3,Новостройка,17060000,180912,3,6/8,ЖК Европейский квартал,2026-06-02,https://realty.yandex.ru/offer/5198905007428449059/,Яндекс.Недвижимость,2026-07-04,сдача 2кв.2027
,"улица Муравленко, 9к3",69.9,Новостройка,12040000,172246,2,2/4,ЖК Европейский квартал,2026-06-02,https://realty.yandex.ru/offer/5198905007428268362/,Яндекс.Недвижимость,2026-07-04,сдача 2кв.2027
Ембаево (пригород),"село Ембаево, Бульварная улица, 2",83.6,Новостройка,10870000,130024,2,2/4,ЖК Ритмы,2026-06-29,https://realty.yandex.ru/offer/4369708783839685586/,Яндекс.Недвижимость,2026-07-04,сдача 1кв.2026
,"улица Муравленко, 9к3",34.5,Новостройка,8470000,245507,студия,2/8,ЖК Европейский квартал,2026-06-02,https://realty.yandex.ru/offer/5198905007428268391/,Яндекс.Недвижимость,2026-07-04,сдача 2кв.2027
,ЖК Символ,29.5,Новостройка,5560000,188475,студия,6/19,ЖК Символ,2026-06-26,https://realty.yandex.ru/offer/2300415609513863269/,Яндекс.Недвижимость,2026-07-04,сдача 3кв.2027
,ЖК Символ,41.2,Новостройка,6100000,148058,1,6/19,ЖК Символ,2026-07-01,https://realty.yandex.ru/offer/2300415609491639334/,Яндекс.Недвижимость,2026-07-04,сдача 3кв.2027
,"улица Муравленко, 9к1",34.1,Новостройка,7030000,206158,студия,6/9,ЖК Европейский квартал,2026-06-29,https://realty.yandex.ru/offer/5202336271495608886/,Яндекс.Недвижимость,2026-07-04,сдача 2кв.2026
Ембаево (пригород),"село Ембаево, Бульварная улица, 2",86.2,Новостройка,10870000,126102,3,1/4,ЖК Ритмы,2026-06-29,https://realty.yandex.ru/offer/6424654200264227985/,Яндекс.Недвижимость,2026-07-04,сдача 1кв.2026
,жилой район Комарово Парк,57.8,Новостройка,8100000,140138,2,8/19,ЖК Символ,2026-06-23,https://realty.yandex.ru/offer/2300415608631845256/,Яндекс.Недвижимость,2026-07-04,сдача 2кв.2028
,жилой район Комарово Парк,76.3,Новостройка,9230000,120970,3,8/19,ЖК Символ,2026-06-23,https://realty.yandex.ru/offer/2300415608631867170/,Яндекс.Недвижимость,2026-07-04,сдача 2кв.2028
,ЖК Символ,56.8,Новостройка,8010000,141021,2,15/19,ЖК Символ,2026-06-26,https://realty.yandex.ru/offer/2300415609491638411/,Яндекс.Недвижимость,2026-07-04,сдача 3кв.2027
,"улица Игоря Комиссарова, 19",25.2,Новостройка,6350000,251984,1,1/4,ЖК Эклипт,2026-05-22,https://realty.yandex.ru/offer/3245019670685495192/,Яндекс.Недвижимость,2026-07-04,сдача 2кв.2025
,"улица Евгения Войнова, 8",42.5,Новостройка,9400000,221176,1,22/23,ЖК Добро,2026-06-04,https://realty.yandex.ru/offer/6374622581492827263/,Яндекс.Недвижимость,2026-07-04,сдача 3кв.2028
,жилой район Комарово Парк,27.2,Новостройка,4890000,179779,студия,7/19,ЖК Символ,2026-06-24,https://realty.yandex.ru/offer/2300415608631866115/,Яндекс.Недвижимость,2026-07-04,сдача 2кв.2028
Ембаево (пригород),"село Ембаево, Бульварная улица, 2",89.2,Новостройка,10710000,120067,2,1/4,ЖК Ритмы,2026-06-29,https://realty.yandex.ru/offer/4024734997300240671/,Яндекс.Недвижимость,2026-07-04,сдача 1кв.2026
,жилой район Комарово Парк,44.4,Новостройка,7160000,161261,1,8/19,ЖК Символ,2026-06-24,https://realty.yandex.ru/offer/2300415608631845253/,Яндекс.Недвижимость,2026-07-04,сдача 2кв.2028
Ембаево (пригород),"село Ембаево, Бульварная улица, 2",62,Новостройка,8500000,137097,1,4/4,ЖК Ритмы,2026-06-29,https://realty.yandex.ru/offer/4795454619518780791/,Яндекс.Недвижимость,2026-07-04,сдача 1кв.2026
,ЖК Символ,59.2,Новостройка,8350000,141047,2,5/19,ЖК Символ,2026-06-26,https://realty.yandex.ru/offer/2300415609514662947/,Яндекс.Недвижимость,2026-07-04,сдача 3кв.2027
,"улица Муравленко, 9к3",42.3,Новостройка,9040000,213712,1,6/8,ЖК Европейский квартал,2026-06-02,https://realty.yandex.ru/offer/5202336271497336545/,Яндекс.Недвижимость,2026-07-04,сдача 2кв.2027
Ембаево (пригород),"село Ембаево, Бульварная улица, 2",88,Новостройка,11090000,126023,3,2/4,ЖК Ритмы,2026-06-29,https://realty.yandex.ru/offer/2775526621305957688/,Яндекс.Недвижимость,2026-07-04,сдача 1кв.2026
,"улица Евгения Войнова, 8",46.5,Новостройка,8900000,191398,1,8/23,ЖК Добро,2026-06-04,https://realty.yandex.ru/offer/7038521492288601818/,Яндекс.Недвижимость,2026-07-04,сдача 4кв.2027
,"улица Игоря Комиссарова, 23",25.2,Новостройка,5070000,201190,1,3/4,ЖК Эклипт,2026-05-22,https://realty.yandex.ru/offer/7494926519705973169/,Яндекс.Недвижимость,2026-07-04,сдача 2кв.2025
,"улица Муравленко, 9к1",170.7,Новостройка,21250000,124487,4,1/9,ЖК Европейский квартал,2026-06-25,https://realty.yandex.ru/offer/5202336271495513528/,Яндекс.Недвижимость,2026-07-04,сдача 2кв.2026
,ЖК Символ,56.8,Новостройка,8010000,141021,2,11/19,ЖК Символ,2026-06-26,https://realty.yandex.ru/offer/2300415609491639211/,Яндекс.Недвижимость,2026-07-04,сдача 3кв.2027
,"улица Муравленко, 9к3",112.2,Новостройка,18360000,163636,2,8/8,ЖК Европейский квартал,2026-06-02,https://realty.yandex.ru/offer/5202336271497239576/,Яндекс.Недвижимость,2026-07-04,сдача 2кв.2027
,"улица Евгения Войнова, 8",77.3,Новостройка,12700000,164295,2,3/23,ЖК Добро,2026-06-22,https://realty.yandex.ru/offer/6374622579834152828/,Яндекс.Недвижимость,2026-07-04,сдача 4кв.2027
,жилой район Комарово Парк,36.4,Новостройка,6710000,184341,1,9/19,ЖК Символ,2026-06-23,https://realty.yandex.ru/offer/2300415608631867141/,Яндекс.Недвижимость,2026-07-04,сдача 2кв.2028
,ЖК Символ,59.2,Новостройка,8350000,141047,2,6/19,ЖК Символ,2026-06-26,https://realty.yandex.ru/offer/2300415609513863294/,Яндекс.Недвижимость,2026-07-04,сдача 3кв.2027
,ЖК Символ,45.5,Новостройка,6280000,138022,1,8/19,ЖК Символ,2026-07-01,https://realty.yandex.ru/offer/2300415609513862554/,Яндекс.Недвижимость,2026-07-04,сдача 3кв.2027
,"улица Евгения Войнова, 8",70.8,Новостройка,12300000,173729,2,20/23,ЖК Добро,2026-06-20,https://realty.yandex.ru/offer/6374622581492827199/,Яндекс.Недвижимость,2026-07-04,сдача 3кв.2028
,жилой район Комарово Парк,27.2,Новостройка,4890000,179779,студия,15/19,ЖК Символ,2026-06-24,https://realty.yandex.ru/offer/2300415608631845072/,Яндекс.Недвижимость,2026-07-04,сдача 2кв.2028
,ЖК Символ,35.8,Новостройка,6050000,168994,1,1/19,ЖК Символ,2026-07-01,https://realty.yandex.ru/offer/2300415609491637287/,Яндекс.Недвижимость,2026-07-04,сдача 3кв.2027
,ЖК Символ,35.1,Новостройка,5940000,169231,1,8/19,ЖК Символ,2026-07-01,https://realty.yandex.ru/offer/2300415609491608611/,Яндекс.Недвижимость,2026-07-04,сдача 3кв.2027
,ЖК Символ,45.9,Новостройка,6680000,145534,1,4/19,ЖК Символ,2026-07-01,https://realty.yandex.ru/offer/2300415609491606696/,Яндекс.Недвижимость,2026-07-04,сдача 3кв.2027
,"улица Евгения Войнова, 8",61.8,Новостройка,10600000,171521,2,13/23,ЖК Добро,2026-06-04,https://realty.yandex.ru/offer/6374622581492848467/,Яндекс.Недвижимость,2026-07-04,сдача 3кв.2028
,ЖК Символ,59.5,Новостройка,8390000,141008,2,5/19,ЖК Символ,2026-06-26,https://realty.yandex.ru/offer/2300415609491637480/,Яндекс.Недвижимость,2026-07-04,сдача 3кв.2027
,"2-я Луговая улица, 24к3",46.4,Новостройка,6269000,135108,1 (апартаменты),8/9,ЖК OK SALUT,2026-07-04,https://realty.yandex.ru/offer/9143280448832169831/,Яндекс.Недвижимость,2026-07-04,скидка 16%; сдача 4кв.2021
,"улица Муравленко, 9к3",54.1,Новостройка,10460000,193346,1,5/8,ЖК Европейский квартал,2026-06-30,https://realty.yandex.ru/offer/5198905007428448960/,Яндекс.Недвижимость,2026-07-04,сдача 2кв.2027
Дударева (пригород),"деревня Дударева, улица Сергея Джанбровского, 4",44,Вторичка,6950000,157955,2,9/7,ЖК Андерсен Парк,2026-07-04,https://realty.yandex.ru/offer/3341666483258039552/,Яндекс.Недвижимость,2026-07-04,
,"Таврическая улица, 9к7",64.3,Вторичка,8990000,139813,2,4/20,ЖК Акварель,2026-07-04,https://realty.yandex.ru/offer/9124812681631867392/,Яндекс.Недвижимость,2026-07-04,
,"улица Василия Севергина, 2",50,Вторичка,6000000,120000,2,1/4,ЖК Смородина,2026-07-02,https://realty.yandex.ru/offer/4078674416588534509/,Яндекс.Недвижимость,2026-07-04,
,"улица Михаила Сперанского, 25",43.6,Вторичка,6300000,144495,2,5/17,,2026-07-04,https://realty.yandex.ru/offer/4078674416609063420/,Яндекс.Недвижимость,2026-07-04,
,"улица 50 лет Октября, 57Бк2",37.2,Вторичка,6500000,174731,1,10/17,Квартал Новин,2026-07-04,https://realty.yandex.ru/offer/4078674413895660576/,Яндекс.Недвижимость,2026-07-04,
,"улица Геннадия Райкова, 19",62.5,Вторичка,7450000,119200,2,13/24,ЖК Скандиа. Квартал в Комарово Парк,2026-07-04,https://realty.yandex.ru/offer/4078674416611678206/,Яндекс.Недвижимость,2026-07-04,
,"микрорайон Мыс, улица Маршала Захарова, 5",57.4,Вторичка,5000000,87108,3,3/5,,2026-07-04,https://realty.yandex.ru/offer/4078674416529453991/,Яндекс.Недвижимость,2026-07-04,
,"улица Николая Ростовцева, 2",72.9,Вторичка,8600000,117970,3,3/17,,2026-07-04,https://realty.yandex.ru/offer/4078674416588591082/,Яндекс.Недвижимость,2026-07-04,
,"улица Ватутина, 14",20.4,Вторичка,3100000,151961,1,1/9,,2026-07-04,https://realty.yandex.ru/offer/4078674416468682427/,Яндекс.Недвижимость,2026-07-04,
,"улица Немцова, 50",53,Вторичка,7000000,132075,2,5/9,,2026-07-04,https://realty.yandex.ru/offer/4078674415667876204/,Яндекс.Недвижимость,2026-07-04,
,"улица Червишевский Тракт, 68А",18.5,Вторичка,2200000,118919,студия,1/5,,2026-07-04,https://realty.yandex.ru/offer/4078674390936811180/,Яндекс.Недвижимость,2026-07-04,
,"улица Республики, 196",32.2,Вторичка,3690000,114596,1,3/9,,2026-07-04,https://realty.yandex.ru/offer/4078674412028306789/,Яндекс.Недвижимость,2026-07-04,
,"проезд Геологоразведчиков, 21",44,Вторичка,5800000,131818,2,1/5,,2026-07-04,https://realty.yandex.ru/offer/4078674415728947756/,Яндекс.Недвижимость,2026-07-04,
,"улица Николая Ростовцева, 20",73.2,Вторичка,6195000,84631,3,11/17,,2026-07-04,https://realty.yandex.ru/offer/4078674416527552240/,Яндекс.Недвижимость,2026-07-04,
,"Карская улица, 21",37.9,Вторичка,4450000,117414,2,1/5,,2026-07-04,https://realty.yandex.ru/offer/4078674388924520579/,Яндекс.Недвижимость,2026-07-04,
,"улица 50 лет Октября, 75к2",49.1,Вторичка,6450000,131365,2,10/18,ЖК Квартал перемен,2026-07-04,https://realty.yandex.ru/offer/4078674388924520609/,Яндекс.Недвижимость,2026-07-04,
,"улица 30 лет Победы, 105",18,Вторичка,2500000,138889,1,4/9,,2026-07-04,https://realty.yandex.ru/offer/4078674388924520709/,Яндекс.Недвижимость,2026-07-04,
,"Комбинатская улица, 54к2",24.6,Вторичка,4300000,174797,студия,11/16,ЖК Олимпия,2026-07-04,https://realty.yandex.ru/offer/4078674416468417998/,Яндекс.Недвижимость,2026-07-04,
,"улица 50 лет Октября, 57В",79.6,Вторичка,14890000,187060,2,4/17,Квартал Новин,2026-07-04,https://realty.yandex.ru/offer/4078674411230353054/,Яндекс.Недвижимость,2026-07-04,
,"улица Прокопия Артамонова, 5",74.3,Вторичка,11300000,152086,3,3/13,,2026-07-04,https://realty.yandex.ru/offer/4078674390705220816/,Яндекс.Недвижимость,2026-07-04,
,"улица Муравленко, 3к1",37,Вторичка,4900000,132432,1,7/16,,2026-07-04,https://realty.yandex.ru/offer/4078674416443600144/,Яндекс.Недвижимость,2026-07-04,
Патрушева (пригород),"деревня Патрушева, улица Николая Гоголя, 1",56.7,Вторичка,6850000,120811,2,9/17,ЖК Новый,2026-07-04,https://realty.yandex.ru/offer/4078674388924521604/,Яндекс.Недвижимость,2026-07-04,
,"улица Малыгина, 82",56.7,Вторичка,6120000,107937,2,9/9,,2026-07-04,https://realty.yandex.ru/offer/4078674415754589154/,Яндекс.Недвижимость,2026-07-04,
,"улица Пермякова, 69",42,Вторичка,5900000,140476,1,5/14,,2026-07-04,https://realty.yandex.ru/offer/4078674416615287721/,Яндекс.Недвижимость,2026-07-04,
,"улица Елизарова, 8",36.7,Вторичка,4300000,117166,1,1/11,,2026-07-04,https://realty.yandex.ru/offer/5227744832705725363/,Яндекс.Недвижимость,2026-07-04,
,"улица Тимофея Чаркова, 87",36.5,Вторичка,5230000,143288,1,9/25,Микрорайон Звездный,2026-07-04,https://realty.yandex.ru/offer/4078674413032116547/,Яндекс.Недвижимость,2026-07-04,
,"улица 50 лет Октября, 47",30.6,Вторичка,4350000,142157,1,5/5,,2026-07-04,https://realty.yandex.ru/offer/4078674415667846508/,Яндекс.Недвижимость,2026-07-04,
,"улица Фармана Салманова, 14",67.6,Вторичка,8200000,121302,2,5/18,ЖК Интеллект Квартал,2026-07-04,https://realty.yandex.ru/offer/4078674414839534749/,Яндекс.Недвижимость,2026-07-04,
,"микрорайон Мыс, улица Маршала Захарова, 11/1",65.1,Вторичка,7200000,110599,2,10/14,,2026-07-04,https://realty.yandex.ru/offer/4078674415693638655/,Яндекс.Недвижимость,2026-07-04,
,"Мурманская улица, 65",78,Вторичка,7300000,93590,3,5/5,,2026-07-04,https://realty.yandex.ru/offer/5227744832705779085/,Яндекс.Недвижимость,2026-07-04,
,"улица Павла Никольского, 10к1",42.4,Вторичка,6350000,149764,1,9/10,ЖК Акватория,2026-07-04,https://realty.yandex.ru/offer/4078674416529394440/,Яндекс.Недвижимость,2026-07-04,
,"улица Свердлова, 12",50,Вторичка,6650000,133000,2,7/9,,2026-07-04,https://realty.yandex.ru/offer/4078674415754591009/,Яндекс.Недвижимость,2026-07-04,
,"улица Пржевальского, 35к2",59.1,Вторичка,6300000,106599,2,8/10,,2026-07-04,https://realty.yandex.ru/offer/4078674410224612711/,Яндекс.Недвижимость,2026-07-04,
,"улица Ю.-Р.Г. Эрвье, 30к3",54.8,Вторичка,9486000,173102,2,1/10,Микрорайон Европейский,2026-07-04,https://realty.yandex.ru/offer/4078674414869864773/,Яндекс.Недвижимость,2026-07-04,
,"Тихий проезд, 6",67.1,Вторичка,13750000,204918,2,17/17,Микрорайон Европейский,2026-07-04,https://realty.yandex.ru/offer/4078674415782294972/,Яндекс.Недвижимость,2026-07-04,
,"проезд Геологоразведчиков, 52",33,Вторичка,4000000,121212,1,1/5,,2026-07-04,https://realty.yandex.ru/offer/4078674415612545700/,Яндекс.Недвижимость,2026-07-04,
,"улица Беляева, 33к2",27.4,Вторичка,4300000,156934,студия,14/16,Микрорайон Звездный,2026-07-04,https://realty.yandex.ru/offer/4078674415782295711/,Яндекс.Недвижимость,2026-07-04,
,"Алматинская улица, 12",64,Вторичка,8000000,125000,2,15/16,ЖК Спутник,2026-07-04,https://realty.yandex.ru/offer/4078674416609803327/,Яндекс.Недвижимость,2026-07-04,
,"улица Газовиков, 20",12.9,Вторичка,1580000,122481,студия,1/8,,2026-07-04,https://realty.yandex.ru/offer/4078674389819351859/,Яндекс.Недвижимость,2026-07-04,
,"улица Московский Тракт, 85к1",55,Вторичка,5850000,106364,2,16/16,,2026-07-04,https://realty.yandex.ru/offer/4078674388924546466/,Яндекс.Недвижимость,2026-07-04,
,"микрорайон Зарека, улица Лермонтова, 6",35,Вторичка,6100000,174286,1,7/17,,2026-07-04,https://realty.yandex.ru/offer/4078674415750993056/,Яндекс.Недвижимость,2026-07-04,
,"Краснооктябрьская улица, 14",35.6,Вторичка,5790000,162640,1,6/18,ЖК Скандиа. Квартал у реки,2026-07-04,https://realty.yandex.ru/offer/4078674416609801466/,Яндекс.Недвижимость,2026-07-04,
,"Краснооктябрьская улица, 4к1",134.8,Вторичка,14000000,103858,3,23/25,Квартал Октябрьский на Туре,2026-07-04,https://realty.yandex.ru/offer/4078674390957311507/,Яндекс.Недвижимость,2026-07-04,
,"улица Газовиков, 61",75,Вторичка,13500000,180000,3,4/15,Микрорайон Европейский,2026-07-04,https://realty.yandex.ru/offer/4078674388924521541/,Яндекс.Недвижимость,2026-07-04,
,"Невская улица, 109",79.5,Вторичка,12500000,157233,3,16/17,ЖК Квартал на Московском,2026-07-04,https://realty.yandex.ru/offer/4078674416609744736/,Яндекс.Недвижимость,2026-07-04,
,"улица Михаила Сперанского, 37/1",53.4,Вторичка,8900000,166667,2,8/10,Микрорайон Видный,2026-07-04,https://realty.yandex.ru/offer/4078674415778726526/,Яндекс.Недвижимость,2026-07-04,
,"Заречный проезд, 43",95.6,Вторичка,10200000,106695,3,4/16,,2026-07-04,https://realty.yandex.ru/offer/4078674415609542668/,Яндекс.Недвижимость,2026-07-04,
,"улица Валентины Трофимовой, 6",36.2,Вторичка,6350000,175414,1,11/21,ЖК Пятый квартал,2026-07-04,https://realty.yandex.ru/offer/4078674388924546653/,Яндекс.Недвижимость,2026-07-04,
,"Комбинатская улица, 16к1",43.1,Вторичка,7490000,173782,1,4/16,ЖК Авторский,2026-06-18,https://realty.yandex.ru/offer/4078674413890126175/,Яндекс.Недвижимость,2026-07-04,
,"улица Ю.-Р.Г. Эрвье, 16",77.8,Вторичка,10600000,136247,3,3/12,,2026-07-04,https://realty.yandex.ru/offer/4078674416501866689/,Яндекс.Недвижимость,2026-07-04,
,"улица Тамары Сатюковой, 18",41,Вторичка,4250000,103659,1,8/16,ЖК Тура-2,2026-07-04,https://realty.yandex.ru/offer/4078674412234277202/,Яндекс.Недвижимость,2026-07-04,
Дударева (пригород),"деревня Дударева, улица Сергея Джанбровского, 2",43.9,Вторичка,6800000,154897,1,4/15,ЖК Андерсен Парк,2026-07-04,https://realty.yandex.ru/offer/4078674388924522507/,Яндекс.Недвижимость,2026-07-04,
,"Новгородская улица, 1",55,Вторичка,11020000,200364,3,24/24,ЖК Ситион,2026-07-04,https://realty.yandex.ru/offer/4078674415725036486/,Яндекс.Недвижимость,2026-07-04,
,"Велижанская улица, 66",65,Вторичка,9100000,140000,2,16/19,ЖК Заречный,2026-06-24,https://realty.yandex.ru/offer/5226826101321156997/,Яндекс.Недвижимость,2026-07-04,
,"улица Виктора Тимофеева, 3",72.7,Вторичка,10900000,149931,3,2/24,Микрорайон Чемпионский,2026-06-26,https://realty.yandex.ru/offer/3960473055664331262/,Яндекс.Недвижимость,2026-07-04,
,"Тальниковая улица, 3",21.3,Вторичка,3550000,166667,студия,18/19,ЖК Дебют,2026-05-15,https://realty.yandex.ru/offer/6352161035590186277/,Яндекс.Недвижимость,2026-07-04,
,"Алматинская улица, 6",40,Вторичка,6500000,162500,1,2/19,Микрорайон Звездный,2026-05-19,https://realty.yandex.ru/offer/8905744024663008657/,Яндекс.Недвижимость,2026-07-04,
,"улица Пожарных и Спасателей, 1к1",45,Вторичка,13000000,288889,1,7/21,ЖК Айвазовский,2026-06-22,https://realty.yandex.ru/offer/4078674415729658828/,Яндекс.Недвижимость,2026-07-04,
,"Карская улица, 13",42,Вторичка,6240000,148571,3,4/5,,2026-06-24,https://realty.yandex.ru/offer/4078674415613236595/,Яндекс.Недвижимость,2026-07-04,
,"улица Мельникайте, 109",30.7,Вторичка,3700000,120521,1,1/5,,2026-06-29,https://realty.yandex.ru/offer/4078674416612513376/,Яндекс.Недвижимость,2026-07-04,
,"Одесская улица, 39",31,Вторичка,3350000,108065,1,2/4,,2026-06-16,https://realty.yandex.ru/offer/4078674412173213123/,Яндекс.Недвижимость,2026-07-04,
,"улица Салтыкова-Щедрина, 58/3",103.5,Вторичка,13500000,130435,3,3/16,,2026-06-27,https://realty.yandex.ru/offer/4078674416613440802/,Яндекс.Недвижимость,2026-07-04,
,"Широтная улица, 61",33.3,Вторичка,4600000,138138,1,2/9,,2026-07-01,https://realty.yandex.ru/offer/4078674416667063583/,Яндекс.Недвижимость,2026-07-04,
,"улица Николая Ростовцева, 6к1",56,Вторичка,5850000,104464,2,10/10,,2026-07-03,https://realty.yandex.ru/offer/4078674416611712799/,Яндекс.Недвижимость,2026-07-04,
,"улица Ветеранов Труда, 36к1",22,Вторичка,3180000,144545,студия,13/21,ЖК SuperSky,2026-06-26,https://realty.yandex.ru/offer/4078674388924521450/,Яндекс.Недвижимость,2026-07-04,
,"Мельничная улица, 83",107,Вторичка,13500000,126168,3,3/10,,2026-06-27,https://realty.yandex.ru/offer/4078674416613439872/,Яндекс.Недвижимость,2026-07-04,
,"улица Станислава Карнацевича, 1к1",42,Вторичка,4900000,116667,1,6/12,,2026-07-03,https://realty.yandex.ru/offer/4078674416588593159/,Яндекс.Недвижимость,2026-07-04,
,"Западносибирская улица, 2",27.9,Вторичка,4000000,143369,студия,15/16,,2026-06-29,https://realty.yandex.ru/offer/4078674416529370577/,Яндекс.Недвижимость,2026-07-04,
,"микрорайон Войновка, улица Энергостроителей, 6к1",72,Вторичка,9300000,129167,2,7/16,ЖК Восточный,2026-07-03,https://realty.yandex.ru/offer/4078674416443543660/,Яндекс.Недвижимость,2026-07-04,
,"улица Щорса, 1А",30,Вторичка,3800000,126667,1,8/8,,2026-06-26,https://realty.yandex.ru/offer/4078674388924520706/,Яндекс.Недвижимость,2026-07-04,
,"Причальная улица, 9",30.4,Вторичка,7440000,244737,студия,4/9,Жилой район Речной порт,2026-07-01,https://realty.yandex.ru/offer/4078674414870007907/,Яндекс.Недвижимость,2026-07-04,
,"Солнечный проезд, 27",70,Вторичка,8200000,117143,3,2/12,,2026-07-01,https://realty.yandex.ru/offer/4078674414897776901/,Яндекс.Недвижимость,2026-07-04,
,"улица Станислава Карнацевича, 4",49,Вторичка,6700000,136735,1,9/16,,2026-07-01,https://realty.yandex.ru/offer/4078674416611738690/,Яндекс.Недвижимость,2026-07-04,
,"Полевая улица, 108",22.2,Вторичка,4500000,202703,студия,12/16,ЖК Авторский,2026-06-22,https://realty.yandex.ru/offer/4078674388924525447/,Яндекс.Недвижимость,2026-07-04,
,"улица Станислава Карнацевича, 12",47.4,Вторичка,5990000,126371,2,12/13,,2026-07-03,https://realty.yandex.ru/offer/4078674416522966309/,Яндекс.Недвижимость,2026-07-04,
,"Суходольская улица, 18",49.8,Вторичка,6450000,129518,1,13/16,,2026-07-03,https://realty.yandex.ru/offer/4078674416524065662/,Яндекс.Недвижимость,2026-07-04,
,"улица Пермякова, 66",102,Вторичка,8900000,87255,3,2/12,,2026-06-10,https://realty.yandex.ru/offer/4078674415778784283/,Яндекс.Недвижимость,2026-07-04,
,"улица Беляева, 33к1",27.8,Вторичка,4300000,154676,студия,4/12,Микрорайон Звездный,2026-06-22,https://realty.yandex.ru/offer/4078674388924522630/,Яндекс.Недвижимость,2026-07-04,
,"улица Шишкова, 84",76,Вторичка,6936000,91263,4,7/9,,2026-06-11,https://realty.yandex.ru/offer/4078674414899587513/,Яндекс.Недвижимость,2026-07-04,
,"улица Демьяна Бедного, 92",74,Вторичка,7999000,108095,2,11/16,,2026-06-16,https://realty.yandex.ru/offer/4078674416443484050/,Яндекс.Недвижимость,2026-07-04,
,"улица Михаила Сперанского, 43",87.9,Вторичка,23200000,263936,3,9/9,Микрорайон Видный,2026-06-16,https://realty.yandex.ru/offer/4078674389815838562/,Яндекс.Недвижимость,2026-07-04,
,"улица Василия Гольцова, 10",69.6,Вторичка,9000000,129310,2,9/9,,2026-07-01,https://realty.yandex.ru/offer/4078674416669832316/,Яндекс.Недвижимость,2026-07-04,
,"улица Федюнинского, 7",65.2,Вторичка,5500000,84356,3,7/9,,2026-06-21,https://realty.yandex.ru/offer/5560414764254061797/,Яндекс.Недвижимость,2026-07-04,
Ембаево (пригород),"село Ембаево, Бульварная улица, 9",66,Вторичка,7100000,107576,2,3/4,ЖК Ритмы,2026-05-24,https://realty.yandex.ru/offer/6352161035588996615/,Яндекс.Недвижимость,2026-07-04,
,"улица Щербакова, 86А",51.2,Вторичка,7950000,155273,2,6/9,,2026-07-03,https://realty.yandex.ru/offer/4078674416588502891/,Яндекс.Недвижимость,2026-07-04,
,"проезд Геологоразведчиков, 34",62,Вторичка,8000000,129032,3,5/5,,2026-06-01,https://realty.yandex.ru/offer/6352161035589975785/,Яндекс.Недвижимость,2026-07-04,
,"Одесская улица, 51",54.6,Вторичка,6700000,122711,1,3/3,,2026-06-26,https://realty.yandex.ru/offer/4078674388924521422/,Яндекс.Недвижимость,2026-07-04,
,"Амурская улица, 39",96.4,Вторичка,12000000,124481,3,4/12,ЖК Парковый,2026-06-11,https://realty.yandex.ru/offer/6352161035589056047/,Яндекс.Недвижимость,2026-07-04,
,"улица Луначарского, 18/1",126,Вторичка,13850000,109921,3,4/4,,2026-05-08,https://realty.yandex.ru/offer/6352161035617837998/,Яндекс.Недвижимость,2026-07-04,
,"микрорайон ДОК, Воронинская улица, 45",25,Вторичка,4300000,172000,студия,6/10,Квартал Октябрьский,2026-05-09,https://realty.yandex.ru/offer/6352161035590967411/,Яндекс.Недвижимость,2026-07-04,
,"улица Эльвиры Федоровой, 1с1",53,Вторичка,9800000,184906,2,6/14,Жилой район Корней,2026-07-01,https://realty.yandex.ru/offer/6352161035588071112/,Яндекс.Недвижимость,2026-07-04,
,"улица Максима Горького, 10",51.4,Вторичка,7000000,136187,2,10/10,,2026-06-22,https://realty.yandex.ru/offer/4078674416522962558/,Яндекс.Недвижимость,2026-07-04,
,"улица Восстания, 19к3",41.8,Вторичка,5550000,132775,1,3/10,,2026-06-22,https://realty.yandex.ru/offer/4078674416442796775/,Яндекс.Недвижимость,2026-07-04,
,"улица Мельникайте, 2к11",24,Вторичка,4600000,191667,студия,13/17,ЖК Горизонт,2026-06-22,https://realty.yandex.ru/offer/6352161035593881355/,Яндекс.Недвижимость,2026-07-04,
,"улица Жуковского, 26",41.7,Вторичка,4800000,115108,2,4/5,,2026-07-01,https://realty.yandex.ru/offer/4764643052926461284/,Яндекс.Недвижимость,2026-07-04,
,"Харьковская улица, 57к2",66.2,Вторичка,8160000,123263,2,13/13,,2026-06-17,https://realty.yandex.ru/offer/4078674415667873469/,Яндекс.Недвижимость,2026-07-04,
,"Тальниковая улица, 5",21.5,Вторичка,3400000,158140,студия,14/19,ЖК Дебют,2026-06-18,https://realty.yandex.ru/offer/5560414764248609115/,Яндекс.Недвижимость,2026-07-04,
,"Рижская улица, 53",56,Вторичка,6200000,110714,3,4/5,,2026-06-18,https://realty.yandex.ru/offer/4078674412171357650/,Яндекс.Недвижимость,2026-07-04,
,"улица Героев Космоса, 17",37,Вторичка,5305000,143378,1,8/16,ЖК Тура-2,2026-06-29,https://realty.yandex.ru/offer/4078674416528536395/,Яндекс.Недвижимость,2026-07-04,
,"улица Николая Фёдорова, 6к1",111.6,Вторичка,10500000,94086,3,8/10,,2026-05-19,https://realty.yandex.ru/offer/6352161035594804805/,Яндекс.Недвижимость,2026-07-04,
,"Солнечный проезд, 22",35,Вторичка,4790000,136857,1,3/10,,2026-07-01,https://realty.yandex.ru/offer/4078674414833870363/,Яндекс.Недвижимость,2026-07-04,
,"улица Николая Зелинского, 23/1",77.5,Вторичка,7400000,95484,3,14/16,,2026-06-25,https://realty.yandex.ru/offer/4078674416609747655/,Яндекс.Недвижимость,2026-07-04,
,"Широтная улица, 168",85.6,Вторичка,8150000,95210,3,11/14,,2026-07-03,https://realty.yandex.ru/offer/4078674416524777735/,Яндекс.Недвижимость,2026-07-04,
,"улица Парада Победы, 17",60.4,Вторичка,7800000,129139,2,3/9,ЖК Финский залив,2026-06-27,https://realty.yandex.ru/offer/4078674416609805223/,Яндекс.Недвижимость,2026-07-04,
,"улица 30 лет Победы, 18",73.2,Вторичка,8750000,119536,2,4/9,,2026-06-29,https://realty.yandex.ru/offer/4078674416615317572/,Яндекс.Недвижимость,2026-07-04,
,"Газопромысловая улица, 6",47.6,Вторичка,6500000,136555,1,1/9,ЖК Просторный,2026-06-26,https://realty.yandex.ru/offer/4078674416609894495/,Яндекс.Недвижимость,2026-07-04,
,"микрорайон Мелиораторов, улица Сидора Путилова, 43",33,Вторичка,3980000,120606,1,9/18,ЖК Лукоморье,2026-06-02,https://realty.yandex.ru/offer/6352161035615924803/,Яндекс.Недвижимость,2026-07-04,
,"Интернациональная улица, 138",60,Вторичка,7600000,126667,2,2/10,,2026-05-15,https://realty.yandex.ru/offer/6352161035589921818/,Яндекс.Недвижимость,2026-07-04,
,"улица Декабристов, 154",30.8,Вторичка,3600000,116883,1,4/4,,2026-06-22,https://realty.yandex.ru/offer/4078674415749914969/,Яндекс.Недвижимость,2026-07-04,
,"улица Елизарова, 12",40.1,Вторичка,6400000,159601,1,6/17,,2026-06-30,https://realty.yandex.ru/offer/4078674416527635994/,Яндекс.Недвижимость,2026-07-04,
,"улица Павла Шарова, 9",86.7,Вторичка,9170000,105767,3,14/14,Жилой район Ново-Патрушево,2026-05-25,https://realty.yandex.ru/offer/5560414764254239519/,Яндекс.Недвижимость,2026-07-04,
,"Военная улица, 15",28.8,Вторичка,3540000,122917,1,8/9,,2026-06-30,https://realty.yandex.ru/offer/4078674416557076978/,Яндекс.Недвижимость,2026-07-04,
,"улица Мельникайте, 97",30,Вторичка,3650000,121667,1,2/5,,2026-07-03,https://realty.yandex.ru/offer/4078674417383714914/,Яндекс.Недвижимость,2026-07-04,
,"Стройотрядовская улица, 14",37.5,Вторичка,5700000,152000,1,1/4,ЖК Скандиа. Квартал у Озера,2026-07-01,https://realty.yandex.ru/offer/4078674389102638176/,Яндекс.Недвижимость,2026-07-04,
,"улица 50 лет Октября, 37А",46.3,Вторичка,4480000,96760,2,5/5,,2026-06-05,https://realty.yandex.ru/offer/4078674388924520646/,Яндекс.Недвижимость,2026-07-04,
,"улица Монтажников, 8",57.2,Вторичка,5400000,94406,2,3/9,,2026-07-03,https://realty.yandex.ru/offer/4078674417361463738/,Яндекс.Недвижимость,2026-07-04,
,"улица Елизарова, 8",110,Вторичка,11220000,102000,4,5/10,,2026-06-26,https://realty.yandex.ru/offer/4078674416522937698/,Яндекс.Недвижимость,2026-07-04,
,"улица Константина Посьета, 12",71.4,Вторичка,9500000,133053,3,14/16,ЖК Квартал 1964,2026-06-29,https://realty.yandex.ru/offer/6352161035592842475/,Яндекс.Недвижимость,2026-07-04,
,"улица Михаила Сперанского, 25",43.4,Вторичка,5900000,135945,2,17/17,,2026-07-03,https://realty.yandex.ru/offer/6352161035589918928/,Яндекс.Недвижимость,2026-07-04,
,"улица Пожарных и Спасателей, 1",31,Вторичка,6050000,195161,студия,2/24,ЖК Айвазовский,2026-05-12,https://realty.yandex.ru/offer/3960473055666121581/,Яндекс.Недвижимость,2026-07-04,
,"улица 50 лет ВЛКСМ, 15",35,Вторичка,4700000,134286,студия,10/15,,2026-06-01,https://realty.yandex.ru/offer/6352161035589179923/,Яндекс.Недвижимость,2026-07-04,
,"улица 50 лет Октября, 57Бк2",135.6,Вторичка,18890000,139307,4,16/17,Квартал Новин,2026-05-15,https://realty.yandex.ru/offer/6352161035650869608/,Яндекс.Недвижимость,2026-07-04,
,"улица Малыгина, 56к2",101.1,Вторичка,8700000,86053,3,6/6,,2026-06-02,https://realty.yandex.ru/offer/5226826101319193580/,Яндекс.Недвижимость,2026-07-04,
,"улица Александра Логунова, 11",216.9,Вторичка,30600000,141079,3,5/7,,2026-05-18,https://realty.yandex.ru/offer/6352161035589947050/,Яндекс.Недвижимость,2026-07-04,
,"микрорайон Матмасы, Пражская улица, 51",87,Вторичка,8500000,97701,3,2/5,,2026-06-01,https://realty.yandex.ru/offer/5560414764253199875/,Яндекс.Недвижимость,2026-07-04,
,"улица Николая Ростовцева, 6к1",56.6,Вторичка,7400000,130742,2,2/10,,2026-06-01,https://realty.yandex.ru/offer/5560414764253288159/,Яндекс.Недвижимость,2026-07-04,
,"улица Федюнинского, 30к1",89,Вторичка,15366000,172652,3,1/4,ЖК Ожогино,2026-07-02,https://realty.yandex.ru/offer/5414547313823857622/,Яндекс.Недвижимость,2026-07-04,
,"улица Домостроителей, 26",60,Вторичка,7000000,116667,2,3/9,,2026-05-21,https://realty.yandex.ru/offer/6352161035593854416/,Яндекс.Недвижимость,2026-07-04,
,"Велижанская улица, 66к2",68.3,Вторичка,7600000,111274,2,4/15,ЖК Заречный,2026-06-18,https://realty.yandex.ru/offer/5414547313824902068/,Яндекс.Недвижимость,2026-07-04,
,"Широтная улица, 191",90,Вторичка,8990000,99889,3,20/20,,2026-06-26,https://realty.yandex.ru/offer/3960473055666120612/,Яндекс.Недвижимость,2026-07-04,
,"улица Шишкова, 16/1",72.2,Вторичка,7200000,99723,3,4/10,,2026-06-17,https://realty.yandex.ru/offer/6352161035622363441/,Яндекс.Недвижимость,2026-07-04,
,"микрорайон Тарманы, улица Малышева, 18",58,Вторичка,6300000,108621,3,4/6,,2026-05-07,https://realty.yandex.ru/offer/6352161035618758571/,Яндекс.Недвижимость,2026-07-04,
,"Вересковая улица, 11",84.2,Вторичка,5100000,60570,3,7/20,,2026-06-29,https://realty.yandex.ru/offer/5414547313823971756/,Яндекс.Недвижимость,2026-07-04,
,"улица Николая Ростовцева, 6к1",56,Вторичка,5800000,103571,2,10/10,,2026-05-15,https://realty.yandex.ru/offer/6352161035620520146/,Яндекс.Недвижимость,2026-07-04,
,"Холодильная улица, 11",66,Вторичка,5300000,80303,3,2/9,,2026-06-30,https://realty.yandex.ru/offer/6352161035589142563/,Яндекс.Недвижимость,2026-07-04,
,"Велижанская улица, 66",41.4,Вторичка,4800000,115942,1,1/19,ЖК Заречный,2026-06-02,https://realty.yandex.ru/offer/6352161035651020363/,Яндекс.Недвижимость,2026-07-04,
,"улица Свердлова, 20",49.9,Вторичка,4900000,98196,2,5/9,,2026-06-26,https://realty.yandex.ru/offer/6352161035594749043/,Яндекс.Недвижимость,2026-07-04,
,"улица 50 лет ВЛКСМ, 31",67,Вторичка,7500000,111940,3,9/9,,2026-05-15,https://realty.yandex.ru/offer/5560414764277331294/,Яндекс.Недвижимость,2026-07-04,
,"улица 50 лет Октября, 75к2",57,Вторичка,7100000,124561,2,6/18,ЖК Квартал перемен,2026-06-05,https://realty.yandex.ru/offer/6352161035589234975/,Яндекс.Недвижимость,2026-07-04,
,"улица Чернышевского, 2Бк11",53.7,Вторичка,6500000,121043,студия,9/17,,2026-06-17,https://realty.yandex.ru/offer/6352161035619562928/,Яндекс.Недвижимость,2026-07-04,
,"улица Попова, 7А",86.6,Вторичка,9900000,114319,3,1/9,,2026-05-25,https://realty.yandex.ru/offer/5560414764276378262/,Яндекс.Недвижимость,2026-07-04,
,"Холодильная улица, 84/2",102,Вторичка,15000000,147059,3,4/6,,2026-05-24,https://realty.yandex.ru/offer/6352161035588250637/,Яндекс.Недвижимость,2026-07-04,
,"Широтная улица, 104к1",113,Вторичка,10500000,92920,4,5/9,,2026-05-29,https://realty.yandex.ru/offer/6352161035590012242/,Яндекс.Недвижимость,2026-07-04,
,"улица Монтажников, 17",65,Вторичка,5600000,86154,3,1/9,,2026-06-04,https://realty.yandex.ru/offer/6352161035594777751/,Яндекс.Недвижимость,2026-07-04,
,"ул. Льва Толстого, 19",79.6,Вторичка,7425000,93279,3,7/17,ЖК Никольский,2026-06-05,https://realty.yandex.ru/offer/6352161035593767980/,Яндекс.Недвижимость,2026-07-04,
,"улица Республики, 204к6",41,Вторичка,6950000,169512,1,8/16,ЖК Симпл,2026-05-12,https://realty.yandex.ru/offer/6352161035589208009/,Яндекс.Недвижимость,2026-07-04,
,"улица Республики, 204к15",47,Вторичка,7700000,163830,2,6/23,ЖК Баланс,2026-05-20,https://realty.yandex.ru/offer/6352161035588994729/,Яндекс.Недвижимость,2026-07-04,
,"улица Николая Ростовцева, 27к2",49.2,Вторичка,6900000,140244,1,16/17,ЖК Суходолье,2026-06-10,https://realty.yandex.ru/offer/6352161035622480709/,Яндекс.Недвижимость,2026-07-04,
,"улица Пермякова, 25",64.6,Вторичка,6100000,94427,3,8/9,,2026-05-22,https://realty.yandex.ru/offer/6352161035620393200/,Яндекс.Недвижимость,2026-07-04,
,"Тальниковая улица, 3",25.4,Вторичка,3900000,153543,студия,17/19,ЖК Дебют,2026-06-17,https://realty.yandex.ru/offer/6352161035592032166/,Яндекс.Недвижимость,2026-07-04,
,"Харьковская улица, 64",75.1,Вторичка,8100000,107856,3,1/16,ЖК Центральный,2026-05-25,https://realty.yandex.ru/offer/6352161035618702987/,Яндекс.Недвижимость,2026-07-04,
,"улица Ветеранов Труда, 9Ак2",63.3,Вторичка,7150000,112954,2,13/17,ЖК На Ватутина,2026-05-23,https://realty.yandex.ru/offer/6352161035593618097/,Яндекс.Недвижимость,2026-07-04,
,"улица Николая Зелинского, 23/1",77.5,Вторичка,7500000,96774,3,14/16,,2026-06-26,https://realty.yandex.ru/offer/6352161035590011399/,Яндекс.Недвижимость,2026-07-04,
,"Широтная улица, 17",67,Вторичка,6200000,92537,3,3/9,,2026-06-01,https://realty.yandex.ru/offer/6352161035589119568/,Яндекс.Недвижимость,2026-07-04,
,"улица Республики, 6",56.1,Вторичка,6300000,112299,3,2/5,,2026-06-01,https://realty.yandex.ru/offer/5560414764247541379/,Яндекс.Недвижимость,2026-07-04,
,"улица Мельникайте, 125А",71,Вторичка,10200000,143662,2,4/12,,2026-06-24,https://realty.yandex.ru/offer/5226826101320980141/,Яндекс.Недвижимость,2026-07-04,
,"Широтная улица, 190",89.8,Вторичка,8990000,100111,3,10/14,ЖК Малахово,2026-06-23,https://realty.yandex.ru/offer/920461218988097974/,Яндекс.Недвижимость,2026-07-04,
,"улица Василия Гольцова, 10",75,Вторичка,6500000,86667,3,1/10,,2026-05-08,https://realty.yandex.ru/offer/6352161035595637931/,Яндекс.Недвижимость,2026-07-04,
,"Ленинский округ, Текстильная улица, 21",58,Вторичка,5200000,89655,3,4/5,,2026-06-01,https://realty.yandex.ru/offer/6352161035622335417/,Яндекс.Недвижимость,2026-07-04,
,"улица Грибоедова, 13к1",43.1,Вторичка,7200000,167053,1,7/14,,2026-05-21,https://realty.yandex.ru/offer/5560414764248556348/,Яндекс.Недвижимость,2026-07-04,
,"микрорайон Тарманы, Игримская улица, 13",43.8,Вторичка,4590000,104795,2,3/5,,2026-05-28,https://realty.yandex.ru/offer/6352161035647361061/,Яндекс.Недвижимость,2026-07-04,
,"улица Пожарных и Спасателей, 14",41.2,Вторичка,6250000,151699,1,4/23,ЖК Дивный квартал у озера,2026-05-08,https://realty.yandex.ru/offer/5226905584373916349/,Яндекс.Недвижимость,2026-07-04,
,"микрорайон Ватутина, Юганский проезд, 4",116.5,Вторичка,11500000,98712,3,3/10,,2026-06-02,https://realty.yandex.ru/offer/5414547313824780889/,Яндекс.Недвижимость,2026-07-04,
,"улица 30 лет Победы, 50к1",125,Вторичка,13230000,105840,3,10/10,,2026-05-13,https://realty.yandex.ru/offer/6352161035647323334/,Яндекс.Недвижимость,2026-07-04,
,"улица Тимофея Чаркова, 81с1",34.6,Вторичка,6500000,187861,1,7/19,Микрорайон Звездный,2026-05-06,https://realty.yandex.ru/offer/6352161035592750034/,Яндекс.Недвижимость,2026-07-04,
,"Сургутская улица, 11к4",96.8,Вторичка,9000000,92975,2,3/9,,2026-05-09,https://realty.yandex.ru/offer/5414547313825586330/,Яндекс.Недвижимость,2026-07-04,
,"улица Раушана Абдуллина, 3",102.5,Вторичка,17000000,165854,4,9/9,,2026-06-09,https://realty.yandex.ru/offer/5226826101318416285/,Яндекс.Недвижимость,2026-07-04,
,"улица Максима Горького, 10к1",30,Вторичка,4999000,166633,1,10/10,,2026-05-25,https://realty.yandex.ru/offer/6352161035592901159/,Яндекс.Недвижимость,2026-07-04,
,"улица Дмитрия Менделеева, 12к1",66.1,Вторичка,7500000,113464,2,13/14,ЖК На Менделеева,2026-05-22,https://realty.yandex.ru/offer/6352161035589112711/,Яндекс.Недвижимость,2026-07-04,
,"улица Алексея Сергиенко, 13",25,Вторичка,3800000,152000,1,2/4,ЖК Скандиа. Квартал у Озера,2026-06-09,https://realty.yandex.ru/offer/6352161035591115402/,Яндекс.Недвижимость,2026-07-04,
,"Широтная улица, 187к2",97.6,Вторичка,9800000,100410,3,8/9,,2026-05-31,https://realty.yandex.ru/offer/6352161035589945901/,Яндекс.Недвижимость,2026-07-04,
,"Широтная улица, 191",61.9,Вторичка,7900000,127625,2,18/20,,2026-06-10,https://realty.yandex.ru/offer/3960473055664335268/,Яндекс.Недвижимость,2026-07-04,
,"микрорайон Ватутина, Юганский проезд, 4",117,Вторичка,14500000,123932,студия,3/10,,2026-05-30,https://realty.yandex.ru/offer/6352161035594601911/,Яндекс.Недвижимость,2026-07-04,
,"улица Ю.-Р.Г. Эрвье, 32к1",44.1,Вторичка,8070000,182993,1,11/17,Микрорайон Европейский,2026-06-16,https://realty.yandex.ru/offer/6352161035588195916/,Яндекс.Недвижимость,2026-07-04,
,"улица Бакинских Комиссаров, 3к1",55,Вторичка,8500000,154545,2,4/18,ЖК Жуков,2026-07-03,https://realty.yandex.ru/offer/6352161035587419527/,Яндекс.Недвижимость,2026-07-04,
,"Станционная улица, 38Б",48,Вторичка,4700000,97917,2,3/9,,2026-06-16,https://realty.yandex.ru/offer/6352161035589144577/,Яндекс.Недвижимость,2026-07-04,
,"улица 50 лет Октября, 57Бк1",110,Вторичка,40000000,363636,4,16/17,Квартал Новин,2026-05-21,https://realty.yandex.ru/offer/6352161035592870194/,Яндекс.Недвижимость,2026-07-04,
,"микрорайон Мыс, улица Маршала Захарова, 15",42.8,Вторичка,5200000,121495,1,3/12,,2026-06-18,https://realty.yandex.ru/offer/6352161035590844375/,Яндекс.Недвижимость,2026-07-04,
,"микрорайон Антипино, Беловежская улица, 19к3",70,Вторичка,7899000,112843,3,7/16,Микрорайон Новоантипинский,2026-06-08,https://realty.yandex.ru/offer/6352161035591027123/,Яндекс.Недвижимость,2026-07-04,
,"улица Мельникайте, 32",78.9,Вторичка,10250000,129911,3,16/17,Микрорайон Правобережный,2026-05-30,https://realty.yandex.ru/offer/6352161035616732936/,Яндекс.Недвижимость,2026-07-04,
,"улица Монтажников, 8",57.2,Вторичка,5250000,91783,2,3/9,,2026-06-20,https://realty.yandex.ru/offer/4241714688301589655/,Яндекс.Недвижимость,2026-07-04,
,"улица 50 лет Октября, 57А",90.4,Вторичка,14500000,160398,3,6/17,Квартал Новин,2026-05-18,https://realty.yandex.ru/offer/6352161035615806348/,Яндекс.Недвижимость,2026-07-04,
,"улица Карла Маркса, 110А",71.5,Вторичка,6500000,90909,4,3/9,,2026-06-15,https://realty.yandex.ru/offer/5282703704118926170/,Яндекс.Недвижимость,2026-07-04,
,"улица Николая Чаплина, 117",70.8,Вторичка,6000000,84746,3,2/9,,2026-06-22,https://realty.yandex.ru/offer/3960473055666922087/,Яндекс.Недвижимость,2026-07-04,
,"Краснооктябрьская улица, 6",34,Вторичка,4150000,122059,студия,14/24,ЖК ДОК,2026-05-28,https://realty.yandex.ru/offer/6352161035615992012/,Яндекс.Недвижимость,2026-07-04,
,"улица Московский Тракт, 143к1",64.4,Вторичка,6700000,104037,2,5/9,,2026-06-03,https://realty.yandex.ru/offer/6352161035590129484/,Яндекс.Недвижимость,2026-07-04,
,"улица Федюнинского, 60",58.5,Вторичка,7450000,127350,2,8/16,Жилой район Ново-Патрушево,2026-06-19,https://realty.yandex.ru/offer/5226826101321097348/,Яндекс.Недвижимость,2026-07-04,
,"улица Ветеранов Труда, 5",48,Вторичка,5100000,106250,2,2/5,,2026-06-09,https://realty.yandex.ru/offer/6352161035594535668/,Яндекс.Недвижимость,2026-07-04,
,"Солнечный проезд, 7",55,Вторичка,6880000,125091,2,10/14,,2026-05-29,https://realty.yandex.ru/offer/6352161035593736179/,Яндекс.Недвижимость,2026-07-04,
,"улица Самарцева, 30",34,Вторичка,5200000,152941,1,1/10,,2026-06-15,https://realty.yandex.ru/offer/6352161035595641812/,Яндекс.Недвижимость,2026-07-04,
,"Харьковская улица, 59к3",56.3,Вторичка,7500000,133215,2,5/10,,2026-05-26,https://realty.yandex.ru/offer/5226826101318442142/,Яндекс.Недвижимость,2026-07-04,
,"улица Циолковского, 7к1",45.7,Вторичка,6800000,148796,1,2/9,,2026-06-18,https://realty.yandex.ru/offer/5226905584374066078/,Яндекс.Недвижимость,2026-07-04,
,"улица 50 лет ВЛКСМ, 13к1",36.6,Вторичка,4690000,128142,студия,12/15,,2026-05-26,https://realty.yandex.ru/offer/6352161035592865515/,Яндекс.Недвижимость,2026-07-04,
,"Широтная улица, 29",95,Вторичка,10000000,105263,3,9/10,,2026-05-06,https://realty.yandex.ru/offer/6352161035589120495/,Яндекс.Недвижимость,2026-07-04,
,"улица Московский Тракт, 141",64.2,Вторичка,5650000,88006,3,4/10,,2026-06-19,https://realty.yandex.ru/offer/5226826101321159758/,Яндекс.Недвижимость,2026-07-04,
,"Широтная улица, 136к3",92,Вторичка,8600000,93478,3,6/10,,2026-05-18,https://realty.yandex.ru/offer/4241714714008605887/,Яндекс.Недвижимость,2026-07-04,
,"Народная улица, 4",59.1,Вторичка,5100000,86294,2,2/9,,2026-06-22,https://realty.yandex.ru/offer/5226826101321246248/,Яндекс.Недвижимость,2026-07-04,
,"Мельничная улица, 26к1",180,Вторичка,120000000,666667,4,7/8,,2026-06-11,https://realty.yandex.ru/offer/7303128016482459137/,Яндекс.Недвижимость,2026-07-04,
,"улица Беляева, 35к2",29.5,Вторичка,3900000,132203,студия,15/19,Микрорайон Звездный,2026-06-17,https://realty.yandex.ru/offer/7316321138552395134/,Яндекс.Недвижимость,2026-07-04,
,"Газопромысловая улица, 5",36.7,Вторичка,5000000,136240,1,1/9,ЖК Просторный,2026-06-01,https://realty.yandex.ru/offer/5414547313825611291/,Яндекс.Недвижимость,2026-07-04,
,"улица Жуковского, 88/1",43.1,Вторичка,4650000,107889,1,6/10,,2026-05-27,https://realty.yandex.ru/offer/6352161035615991046/,Яндекс.Недвижимость,2026-07-04,
,"улица Мельникайте, 135",50.7,Вторичка,5000000,98619,2,5/9,,2026-06-10,https://realty.yandex.ru/offer/5226826101321156066/,Яндекс.Недвижимость,2026-07-04,
,"улица Дмитрия Менделеева, 7",48.9,Вторичка,6000000,122699,1,8/17,,2026-06-16,https://realty.yandex.ru/offer/5414547313823944856/,Яндекс.Недвижимость,2026-07-04,
,"Вересковая улица, 11",49.1,Вторичка,3050000,62118,1,18/20,,2026-06-29,https://realty.yandex.ru/offer/5414547313824751374/,Яндекс.Недвижимость,2026-07-04,
,"улица Федюнинского, 54",47.6,Вторичка,6190000,130042,1,2/16,Жилой район Ново-Патрушево,2026-06-26,https://realty.yandex.ru/offer/6352161035616787526/,Яндекс.Недвижимость,2026-07-04,
,"Станционная улица, 36А",42,Вторичка,2500000,59524,1,2/5,,2026-06-23,https://realty.yandex.ru/offer/3960473055664331449/,Яндекс.Недвижимость,2026-07-04,
,"улица Ватутина, 51",38,Вторичка,4090000,107632,1,7/9,,2026-07-03,https://realty.yandex.ru/offer/6352161035650190248/,Яндекс.Недвижимость,2026-07-04,
,"Харьковская улица, 31",51,Вторичка,5300000,103922,2,3/9,,2026-05-13,https://realty.yandex.ru/offer/6352161035590901231/,Яндекс.Недвижимость,2026-07-04,
,"улица Республики, 246",33,Вторичка,3000000,90909,1,4/9,,2026-05-21,https://realty.yandex.ru/offer/6352161035592692535/,Яндекс.Недвижимость,2026-07-04,
Дударева (пригород),"деревня Дударева, улица Сергея Джанбровского, 6",85.5,Вторичка,16500000,192982,2,2/4,ЖК House Club,2026-06-09,https://realty.yandex.ru/offer/5560414764247684690/,Яндекс.Недвижимость,2026-07-04,
,"улица Щербакова, 136",51,Вторичка,7590000,148824,1,5/21,Жилой дом Доминанта,2026-06-11,https://realty.yandex.ru/offer/6352161035618784517/,Яндекс.Недвижимость,2026-07-04,
,"улица Ветеранов Труда, 9Ак3",71,Вторичка,7200000,101408,2,16/17,ЖК На Ватутина,2026-05-14,https://realty.yandex.ru/offer/5560414764276260990/,Яндекс.Недвижимость,2026-07-04,
,"Стартовая улица, 5",50.6,Вторичка,6200000,122530,2,6/9,,2026-05-04,https://realty.yandex.ru/offer/6352161035593639924/,Яндекс.Недвижимость,2026-07-04,
,"улица Орджоникидзе, 51",67,Вторичка,10800000,161194,2,5/5,,2026-06-29,https://realty.yandex.ru/offer/6352161035590997354/,Яндекс.Недвижимость,2026-07-04,
,"улица Василия Севергина, 2",56.3,Вторичка,6800000,120782,2,4/4,ЖК Смородина,2026-05-12,https://realty.yandex.ru/offer/6352161035592689614/,Яндекс.Недвижимость,2026-07-04,
,"улица 50 лет ВЛКСМ, 31",66,Вторичка,6800000,103030,3,9/9,,2026-05-07,https://realty.yandex.ru/offer/6352161035592776200/,Яндекс.Недвижимость,2026-07-04,
,"ул. Льва Толстого, 19",36.4,Вторичка,4700000,129121,1,1/17,ЖК Никольский,2026-06-25,https://realty.yandex.ru/offer/6352161035651886376/,Яндекс.Недвижимость,2026-07-04,
,"Харьковская улица, 65",132.9,Вторичка,12000000,90293,4,7/14,,2026-06-01,https://realty.yandex.ru/offer/5560414764398312638/,Яндекс.Недвижимость,2026-07-04,
,"улица 50 лет Октября, 76",35,Вторичка,5000000,142857,1,7/9,,2026-05-26,https://realty.yandex.ru/offer/6352161035590185340/,Яндекс.Недвижимость,2026-07-04,
,"улица Михаила Сперанского, 23",43.6,Вторичка,5700000,130734,2,10/17,,2026-05-29,https://realty.yandex.ru/offer/6352161035589026226/,Яндекс.Недвижимость,2026-07-04,
,"улица Дружбы, 73",89,Вторичка,10600000,119101,3,3/14,Микрорайон Дружба,2026-06-02,https://realty.yandex.ru/offer/6352161035619535218/,Яндекс.Недвижимость,2026-07-04,
,"Широтная улица, 173",91.4,Вторичка,9700000,106127,3,1/10,,2026-05-09,https://realty.yandex.ru/offer/5560414764337150945/,Яндекс.Недвижимость,2026-07-04,
,"Причальная улица, 11",53,Вторичка,19000000,358491,1,5/11,Жилой район Речной порт,2026-05-18,https://realty.yandex.ru/offer/6352161035595732113/,Яндекс.Недвижимость,2026-07-04,
,"улица Республики, 204к13",59,Вторичка,6800000,115254,2,22/24,ЖК Да. Квартал Республика,2026-05-07,https://realty.yandex.ru/offer/6352161035618637639/,Яндекс.Недвижимость,2026-07-04,
,"улица Николая Чаплина, 115",50.7,Вторичка,4800000,94675,2,3/9,,2026-06-30,https://realty.yandex.ru/offer/5228513234276451575/,Яндекс.Недвижимость,2026-07-04,
,"микрорайон Восточный, улица Моторостроителей, 14",64.5,Вторичка,5800000,89922,2,2/9,,2026-06-02,https://realty.yandex.ru/offer/6352161035622363498/,Яндекс.Недвижимость,2026-07-04,
,"улица Ветеранов Труда, 9А",63,Вторичка,7600000,120635,2,6/17,ЖК На Ватутина,2026-06-02,https://realty.yandex.ru/offer/5560414764253978067/,Яндекс.Недвижимость,2026-07-04,
,"улица Седова, 55",63.4,Вторичка,6300000,99369,3,7/9,,2026-06-30,https://realty.yandex.ru/offer/5228513234276448534/,Яндекс.Недвижимость,2026-07-04,
,"улица Ветеранов Труда, 9Ак3",63.4,Вторичка,7350000,115931,2,5/17,ЖК На Ватутина,2026-05-19,https://realty.yandex.ru/offer/6352161035651024303/,Яндекс.Недвижимость,2026-07-04,
,"улица Красных Зорь, 2",67,Вторичка,7800000,116418,3,8/9,,2026-05-31,https://realty.yandex.ru/offer/6352161035650992555/,Яндекс.Недвижимость,2026-07-04,
,"Шаимский проезд, 9",21,Вторичка,2560000,121905,студия,3/8,,2026-06-23,https://realty.yandex.ru/offer/6352161035595638928/,Яндекс.Недвижимость,2026-07-04,
,"Широтная улица, 154",65.8,Вторичка,6100000,92705,3,3/9,,2026-06-26,https://realty.yandex.ru/offer/5226826101318416195/,Яндекс.Недвижимость,2026-07-04,
,"улица Газовиков, 35",56.1,Вторичка,8500000,151515,2,16/21,ЖК Фэнси,2026-06-27,https://realty.yandex.ru/offer/5226826101321215715/,Яндекс.Недвижимость,2026-07-04,
,"улица Василия Малкова, 9",57.7,Вторичка,8500000,147314,2,1/15,ЖК Гранд Квартал,2026-05-26,https://realty.yandex.ru/offer/6352161035589082149/,Яндекс.Недвижимость,2026-07-04,
,"улица Елизарова, 49",50.4,Вторичка,5299000,105139,2,9/9,,2026-05-10,https://realty.yandex.ru/offer/5414547313825643129/,Яндекс.Недвижимость,2026-07-04,
,"улица Пермякова, 4",45.2,Вторичка,5090000,112611,2,2/5,,2026-06-19,https://realty.yandex.ru/offer/6352161035590932905/,Яндекс.Недвижимость,2026-07-04,
,"улица Малыгина, 82",34.9,Вторичка,4700000,134670,1,3/9,,2026-05-25,https://realty.yandex.ru/offer/6352161035594594291/,Яндекс.Недвижимость,2026-07-04,
,"улица Эльвиры Федоровой, 1к1",28.9,Вторичка,4920000,170242,студия,23/19,Жилой район Корней,2026-06-29,https://realty.yandex.ru/offer/4241714715072468510/,Яндекс.Недвижимость,2026-07-04,
,"улица Василия Подшибякина, 21",22.5,Вторичка,3600000,160000,студия,8/16,Квартал Гармония,2026-07-03,https://realty.yandex.ru/offer/6352161035588071924/,Яндекс.Недвижимость,2026-07-04,
,"улица Фармана Салманова, 15",24,Вторичка,3649000,152042,студия,19/24,Жилой район Прео,2026-06-22,https://realty.yandex.ru/offer/6352161035617838060/,Яндекс.Недвижимость,2026-07-04,
,"2-я Луговая улица, 22к2",38,Вторичка,6200000,163158,1 (апартаменты),6/9,ЖК OK SALUT,2026-06-24,https://realty.yandex.ru/offer/5226826101321010955/,Яндекс.Недвижимость,2026-07-04,
,"улица Фармана Салманова, 3",35,Вторичка,6200000,177143,1,2/13,ЖК Скандиа. Квартал в Комарово,2026-05-29,https://realty.yandex.ru/offer/5560414764248557312/,Яндекс.Недвижимость,2026-07-04,
,"улица Братьев Бондаревых, 1",61,Вторичка,9100000,149180,2,8/9,ЖК LIFE RESIDENCE квартал и парк,2026-05-26,https://realty.yandex.ru/offer/6352161035590036392/,Яндекс.Недвижимость,2026-07-04,
,"Заречный проезд, 2",66.4,Вторичка,5500000,82831,3,5/9,,2026-06-22,https://realty.yandex.ru/offer/5226826101321213607/,Яндекс.Недвижимость,2026-07-04,
,"улица Николая Машарова, 2",41.5,Вторичка,12000000,289157,1,10/19,Квартал Машаров,2026-06-10,https://realty.yandex.ru/offer/6352161035647416610/,Яндекс.Недвижимость,2026-07-04,
,"улица Ю.-Р.Г. Эрвье, 28",45.1,Вторичка,7000000,155211,1,1/10,Микрорайон Европейский,2026-07-03,https://realty.yandex.ru/offer/5226826101317551297/,Яндекс.Недвижимость,2026-07-04,
,"улица Республики, 204к4",75.7,Вторичка,8200000,108322,3,13/16,ЖК Да. Квартал Республика,2026-06-14,https://realty.yandex.ru/offer/6352161035617741060/,Яндекс.Недвижимость,2026-07-04,
Дударева (пригород),"деревня Дударева, улица Сергея Джанбровского, 6",53,Вторичка,9600000,181132,1,1/4,ЖК House Club,2026-06-04,https://realty.yandex.ru/offer/6352161035595457171/,Яндекс.Недвижимость,2026-07-04,
,"улица Василия Гольцова, 9",41.8,Вторичка,4999000,119593,1,13/14,,2026-06-09,https://realty.yandex.ru/offer/5226826101320109413/,Яндекс.Недвижимость,2026-07-04,
,"Одесская улица, 46",104,Вторичка,6000000,57692,4,3/9,,2026-07-01,https://realty.yandex.ru/offer/5560414764393633684/,Яндекс.Недвижимость,2026-07-04,
,"улица Пермякова, 73",86,Вторичка,9350000,108721,3,3/16,,2026-06-01,https://realty.yandex.ru/offer/6352161035594683781/,Яндекс.Недвижимость,2026-07-04,
,"Первомайская улица, 50",83.9,Вторичка,14900000,177592,3,14/24,,2026-05-12,https://realty.yandex.ru/offer/6352161035617772554/,Яндекс.Недвижимость,2026-07-04,
,"Широтная улица, 129к4",98.7,Вторичка,8431000,85420,3,9/9,,2026-07-02,https://realty.yandex.ru/offer/5228513234276427335/,Яндекс.Недвижимость,2026-07-04,
,"микрорайон Войновка, улица Энергостроителей, 23",90.3,Вторичка,7950000,88040,3,4/12,,2026-07-01,https://realty.yandex.ru/offer/7567095305975320036/,Яндекс.Недвижимость,2026-07-04,
,"улица 30 лет Победы, 92",33.2,Вторичка,3790000,114157,1,5/9,,2026-07-03,https://realty.yandex.ru/offer/5414547313823853679/,Яндекс.Недвижимость,2026-07-04,
,"улица Республики, 169",55.3,Вторичка,5650000,102170,3,5/5,,2026-05-15,https://realty.yandex.ru/offer/6352161035652005392/,Яндекс.Недвижимость,2026-07-04,
,"Велижанская улица, 66",48.7,Вторичка,7000000,143737,2,2/19,ЖК Заречный,2026-06-28,https://realty.yandex.ru/offer/6352161035647329193/,Яндекс.Недвижимость,2026-07-04,
,"Сосьвинская улица, 49",49,Вторичка,4550000,92857,2,3/9,,2026-05-27,https://realty.yandex.ru/offer/6352161035649087729/,Яндекс.Недвижимость,2026-07-04,
,"улица Казачьи Луга, 9",58.3,Вторичка,6650000,114065,2,5/10,,2026-05-12,https://realty.yandex.ru/offer/6352161035622456654/,Яндекс.Недвижимость,2026-07-04,
,"Суходольская улица, 12",81.5,Вторичка,11700000,143558,3,2/14,ЖК Олимпийская,2026-05-06,https://realty.yandex.ru/offer/6352161035591799829/,Яндекс.Недвижимость,2026-07-04,
,"улица Первооткрывателей, 14",29.1,Вторичка,4940000,169759,1,2/16,ЖК Колумб,2026-06-25,https://realty.yandex.ru/offer/6352161035591107902/,Яндекс.Недвижимость,2026-07-04,
,"улица Ветеранов Труда, 9А",64,Вторичка,10700000,167188,2,5/17,ЖК На Ватутина,2026-05-11,https://realty.yandex.ru/offer/6352161035588281389/,Яндекс.Недвижимость,2026-07-04,
,"Харьковская улица, 65",95,Вторичка,10200000,107368,3,3/14,,2026-05-08,https://realty.yandex.ru/offer/5560414764255046727/,Яндекс.Недвижимость,2026-07-04,
,"улица Муравленко, 9",92,Вторичка,7100000,77174,4,4/9,,2026-05-15,https://realty.yandex.ru/offer/5560414764283740453/,Яндекс.Недвижимость,2026-07-04,
,"Стройотрядовская улица, 12",60.3,Вторичка,7900000,131012,3,2/4,ЖК Скандиа. Квартал у Озера,2026-06-10,https://realty.yandex.ru/offer/5226826101319133282/,Яндекс.Недвижимость,2026-07-04,
,"Минская улица, 5А",74.2,Вторичка,5600000,75472,4,5/5,,2026-06-08,https://realty.yandex.ru/offer/6352161035594748208/,Яндекс.Недвижимость,2026-07-04,
,"улица Николая Фёдорова, 24",100,Вторичка,15500000,155000,3,8/9,,2026-06-20,https://realty.yandex.ru/offer/6352161035589952689/,Яндекс.Недвижимость,2026-07-04,
,"Краснооктябрьская улица, 6",33,Вторичка,5350000,162121,студия,19/24,ЖК ДОК,2026-06-22,https://realty.yandex.ru/offer/6352161035590902127/,Яндекс.Недвижимость,2026-07-04,
,"Краснооктябрьская улица, 14к2",31.1,Вторичка,5100000,163987,студия,2/17,ЖК Ютта,2026-05-13,https://realty.yandex.ru/offer/6352161035592874196/,Яндекс.Недвижимость,2026-07-04,
,"улица Тимофея Чаркова, 28",20.5,Вторичка,4600000,224390,студия,13/19,ЖК Новый мыс 3.0,2026-06-06,https://realty.yandex.ru/offer/5226826101321037706/,Яндекс.Недвижимость,2026-07-04,
,"микрорайон Мелиораторов, улица Сидора Путилова, 43",30.5,Вторичка,3600000,118033,студия,11/18,ЖК Лукоморье,2026-06-25,https://realty.yandex.ru/offer/6352161035616938433/,Яндекс.Недвижимость,2026-07-04,
,"Сургутская улица, 11к4",81,Вторичка,9900000,122222,2,3/8,,2026-05-25,https://realty.yandex.ru/offer/5560414764363217018/,Яндекс.Недвижимость,2026-07-04,
,"улица Павла Никольского, 6",30,Вторичка,4100000,136667,студия,5/10,ЖК ДОК,2026-05-17,https://realty.yandex.ru/offer/6352161035589953647/,Яндекс.Недвижимость,2026-07-04,
,"Малая Боровская улица, 28к1",49.6,Вторичка,5200000,104839,1,4/9,,2026-05-12,https://realty.yandex.ru/offer/6352161035588286218/,Яндекс.Недвижимость,2026-07-04,
,"улица Николая Никитина, 2к1",42.5,Вторичка,5600000,131765,1,1/14,ЖК Квартал 1964,2026-05-14,https://realty.yandex.ru/offer/4241714713381621683/,Яндекс.Недвижимость,2026-07-04,
,"Новгородская улица, 14",32.3,Вторичка,7500000,232198,1,3/10,ЖК Да. Квартал Централь,2026-06-02,https://realty.yandex.ru/offer/5414547313824685844/,Яндекс.Недвижимость,2026-07-04,
,"улица Самарцева, 34А",65.8,Вторичка,5000000,75988,3,9/9,,2026-05-29,https://realty.yandex.ru/offer/6352161035620515278/,Яндекс.Недвижимость,2026-07-04,
,"улица Максима Горького, 10к1",60.4,Вторичка,7500000,124172,3,4/10,,2026-05-18,https://realty.yandex.ru/offer/6352161035622335480/,Яндекс.Недвижимость,2026-07-04,
,"Новгородская улица, 22",38.2,Вторичка,5800000,151832,1,12/16,ЖК Да. Квартал Централь,2026-05-27,https://realty.yandex.ru/offer/6352161035617775558/,Яндекс.Недвижимость,2026-07-04,
,"улица 50 лет Октября, 33А",74.4,Вторичка,9800000,131720,3,8/8,,2026-06-10,https://realty.yandex.ru/offer/6352161035594778828/,Яндекс.Недвижимость,2026-07-04,
,"улица Максима Горького, 23А",46,Вторичка,5800000,126087,2,6/9,,2026-05-30,https://realty.yandex.ru/offer/6352161035592747341/,Яндекс.Недвижимость,2026-07-04,
,"улица Карла Маркса, 108",51.6,Вторичка,3500000,67829,2,1/5,,2026-06-19,https://realty.yandex.ru/offer/7567124092158101173/,Яндекс.Недвижимость,2026-07-04,
,"Киевская улица, 60",46.1,Вторичка,4780000,103688,2,3/5,,2026-07-02,https://realty.yandex.ru/offer/5414547313825821682/,Яндекс.Недвижимость,2026-07-04,
,"улица Домостроителей, 8",51,Вторичка,4099000,80373,2,4/5,,2026-06-28,https://realty.yandex.ru/offer/6352161035589205931/,Яндекс.Недвижимость,2026-07-04,
,"Западносибирская улица, 14",50.5,Вторичка,4600000,91089,2,4/10,,2026-06-21,https://realty.yandex.ru/offer/6352161035647391718/,Яндекс.Недвижимость,2026-07-04,
,"микрорайон Войновка, улица Энергостроителей, 10",50.5,Вторичка,4700000,93069,2,1/5,,2026-06-30,https://realty.yandex.ru/offer/5228513234276425408/,Яндекс.Недвижимость,2026-07-04,
,"Олимпийская улица, 17",18,Вторичка,1880000,104444,студия,7/9,,2026-05-13,https://realty.yandex.ru/offer/6352161035616818403/,Яндекс.Недвижимость,2026-07-04,
,"Комбинатская улица, 54к2",32.2,Вторичка,5300000,164596,студия,4/16,ЖК Олимпия,2026-05-18,https://realty.yandex.ru/offer/6352161035589208069/,Яндекс.Недвижимость,2026-07-04,
,"Солнечный проезд, 8",50,Вторичка,5100000,102000,2,8/9,,2026-06-15,https://realty.yandex.ru/offer/6352161035590012183/,Яндекс.Недвижимость,2026-07-04,
,"Краснооктябрьская улица, 16",20.1,Вторичка,3400000,169154,студия,4/20,ЖК Меридиан Запад,2026-06-30,https://realty.yandex.ru/offer/6352161035617626486/,Яндекс.Недвижимость,2026-07-04,
,"Олимпийская улица, 12",17.4,Вторичка,2300000,132184,студия,8/8,,2026-05-21,https://realty.yandex.ru/offer/4241714659249380789/,Яндекс.Недвижимость,2026-07-04,
,"улица Газовиков, 77",87.7,Вторичка,16600000,189282,3,2/19,Микрорайон Европейский берег,2026-06-14,https://realty.yandex.ru/offer/5226826101318444958/,Яндекс.Недвижимость,2026-07-04,
,"улица Газовиков, 44",63.8,Вторичка,10500000,164577,2,8/10,Микрорайон Европейский,2026-05-19,https://realty.yandex.ru/offer/6352161035617804393/,Яндекс.Недвижимость,2026-07-04,
,"улица Бориса Житкова, 7",63.7,Вторичка,8450000,132653,2,5/17,ЖК Суходолье,2026-06-27,https://realty.yandex.ru/offer/6352161035647326222/,Яндекс.Недвижимость,2026-07-04,
,"улица Газовиков, 73к1",47.2,Вторичка,8600000,182203,1,10/13,Микрорайон Европейский берег,2026-05-13,https://realty.yandex.ru/offer/5560414764247629734/,Яндекс.Недвижимость,2026-07-04,
,"Вересковая улица, 17к1",50.5,Вторичка,4550000,90099,2,3/9,,2026-06-23,https://realty.yandex.ru/offer/6352161035588226823/,Яндекс.Недвижимость,2026-07-04,
,"улица Малыгина, 8",71.2,Вторичка,7150000,100421,2,2/10,,2026-06-07,https://realty.yandex.ru/offer/6352161035621592559/,Яндекс.Недвижимость,2026-07-04,
,"улица Тимирязева, 130",65.5,Вторичка,6800000,103817,2,8/10,,2026-06-22,https://realty.yandex.ru/offer/6352161035592722163/,Яндекс.Недвижимость,2026-07-04,
,"улица Бориса Опрокиднева, 2к1",66,Вторичка,7500000,113636,1,18/18,,2026-06-29,https://realty.yandex.ru/offer/6352161035588076914/,Яндекс.Недвижимость,2026-07-04,
,"Ялуторовская улица, 12",51,Вторичка,5630000,110392,2,1/9,,2026-07-02,https://realty.yandex.ru/offer/5560414764280933314/,Яндекс.Недвижимость,2026-07-04,
,"улица Пермякова, 68",56.8,Вторичка,6480000,114085,2,5/10,,2026-06-20,https://realty.yandex.ru/offer/5414547313824753054/,Яндекс.Недвижимость,2026-07-04,
,"Профсоюзная улица, 5",58,Вторичка,5300000,91379,3,2/5,,2026-06-22,https://realty.yandex.ru/offer/5414547313823918196/,Яндекс.Недвижимость,2026-07-04,
,"Комсомольская улица, 8",123.6,Вторичка,21399000,173131,3,4/6,,2026-06-30,https://realty.yandex.ru/offer/6352161035617716821/,Яндекс.Недвижимость,2026-07-04,
,"улица Андрея Бушуева, 4",51,Вторичка,7000000,137255,2,5/17,Микрорайон Ямальский-2,2026-05-28,https://realty.yandex.ru/offer/5560414764390744738/,Яндекс.Недвижимость,2026-07-04,
,"Волгоградская улица, 105",31.3,Вторичка,3370000,107668,1,5/5,,2026-06-28,https://realty.yandex.ru/offer/4241714711549299345/,Яндекс.Недвижимость,2026-07-04,
,"улица Монтажников, 36",42.9,Вторичка,6600000,153846,1,4/19,,2026-05-10,https://realty.yandex.ru/offer/5560414764247721061/,Яндекс.Недвижимость,2026-07-04,
,"улица Циолковского, 7к2",46,Вторичка,6990000,151957,1,8/14,,2026-07-01,https://realty.yandex.ru/offer/6352161035589262781/,Яндекс.Недвижимость,2026-07-04,
,"Газопромысловая улица, 9",38,Вторичка,4150000,109211,1,1/9,ЖК Просторный,2026-05-20,https://realty.yandex.ru/offer/6352161035590159338/,Яндекс.Недвижимость,2026-07-04,
,"Малая Боровская улица, 28к1",38,Вторичка,4850000,127632,1,6/9,,2026-07-01,https://realty.yandex.ru/offer/6352161035592689776/,Яндекс.Недвижимость,2026-07-04,
,"Заречный проезд, 14",53.6,Вторичка,7300000,136194,2,6/11,ЖК Фэнси,2026-05-06,https://realty.yandex.ru/offer/5227723505989586898/,Яндекс.Недвижимость,2026-07-04,
,"улица Николая Ростовцева, 2",44.1,Вторичка,5600000,126984,2,9/17,,2026-07-03,https://realty.yandex.ru/offer/6352161035590159396/,Яндекс.Недвижимость,2026-07-04,
,"улица Червишевский Тракт, 31/1",72.1,Вторичка,6700000,92926,3,5/9,,2026-05-11,https://realty.yandex.ru/offer/6352161035650220778/,Яндекс.Недвижимость,2026-07-04,
Дударева (пригород),"деревня Дударева, Тюменская улица, 3",48.9,Вторичка,8680000,177505,2,4/4,ЖК Андерсен Парк,2026-05-25,https://realty.yandex.ru/offer/6352161035589052328/,Яндекс.Недвижимость,2026-07-04,
,"улица Газовиков, 44",70,Вторичка,15600000,222857,3,4/10,Микрорайон Европейский,2026-05-13,https://realty.yandex.ru/offer/6352161035595671725/,Яндекс.Недвижимость,2026-07-04,
,"Широтная улица, 103",38.9,Вторичка,4100000,105398,1,3/9,,2026-06-16,https://realty.yandex.ru/offer/5226826101318384516/,Яндекс.Недвижимость,2026-07-04,
,"Камчатская улица, 50",50,Вторичка,4600000,92000,2,4/5,,2026-05-18,https://realty.yandex.ru/offer/6352161035595607090/,Яндекс.Недвижимость,2026-07-04,
,"улица Республики, 239",17,Вторичка,1960000,115294,студия,2/8,,2026-05-18,https://realty.yandex.ru/offer/6352161035616882702/,Яндекс.Недвижимость,2026-07-04,
,"улица Федюнинского, 30",136.5,Вторичка,27000000,197802,4,1/4,ЖК Ожогино,2026-05-18,https://realty.yandex.ru/offer/6352161035590071976/,Яндекс.Недвижимость,2026-07-04,
,"улица Орджоникидзе, 1А",41,Вторичка,4900000,119512,2,2/4,,2026-05-17,https://realty.yandex.ru/offer/6352161035616700231/,Яндекс.Недвижимость,2026-07-04,
,"улица Александра Митинского, 4",67.6,Вторичка,8200000,121302,2,4/14,Жилой район Ново-Патрушево,2026-06-10,https://realty.yandex.ru/offer/6352161035588222858/,Яндекс.Недвижимость,2026-07-04,
,"улица Беляева, 19",44.5,Вторичка,5200000,116854,2,2/5,,2026-05-25,https://realty.yandex.ru/offer/6352161035648099796/,Яндекс.Недвижимость,2026-07-04,
,"Арктическая улица, 1к1",52,Вторичка,5800000,111538,2,9/10,Микрорайон Ямальский-2,2026-06-16,https://realty.yandex.ru/offer/6352161035588994725/,Яндекс.Недвижимость,2026-07-04,
,"улица Демьяна Бедного, 102",59.7,Вторичка,5300000,88777,2,3/9,,2026-05-21,https://realty.yandex.ru/offer/4827748130226516224/,Яндекс.Недвижимость,2026-07-04,
,"Широтная улица, 106",48,Вторичка,4980000,103750,2,2/9,,2026-06-01,https://realty.yandex.ru/offer/6352161035616969160/,Яндекс.Недвижимость,2026-07-04,
,"Олимпийская улица, 22",17.5,Вторичка,2190000,125143,студия,3/8,,2026-06-05,https://realty.yandex.ru/offer/6352161035588158596/,Яндекс.Недвижимость,2026-07-04,
,"Камчатская улица, 2",64.4,Вторичка,7000000,108696,3,2/5,,2026-05-18,https://realty.yandex.ru/offer/6352161035594774147/,Яндекс.Недвижимость,2026-07-04,
,"улица Домостроителей, 4",71.1,Вторичка,7000000,98453,4,1/5,,2026-06-30,https://realty.yandex.ru/offer/6352161035588071018/,Яндекс.Недвижимость,2026-07-04,
,"улица Первооткрывателей, 6",67.6,Вторичка,6280000,92899,1,5/16,ЖК Колумб,2026-05-22,https://realty.yandex.ru/offer/5560414764254120481/,Яндекс.Недвижимость,2026-07-04,
,"улица Челюскинцев, 29",69.9,Вторичка,8170000,116881,3,2/6,,2026-06-15,https://realty.yandex.ru/offer/5560414764254003203/,Яндекс.Недвижимость,2026-07-04,
,"Харьковская улица, 65",94.7,Вторичка,9690000,102323,2,9/14,,2026-05-30,https://realty.yandex.ru/offer/6352161035648157641/,Яндекс.Недвижимость,2026-07-04,
,"улица Республики, 45",60.1,Вторичка,9990000,166223,3,3/3,,2026-06-19,https://realty.yandex.ru/offer/6352161035622453739/,Яндекс.Недвижимость,2026-07-04,
,"улица Николая Чаплина, 113",69.8,Вторичка,5100000,73066,3,5/9,,2026-06-04,https://realty.yandex.ru/offer/5414547313847833517/,Яндекс.Недвижимость,2026-07-04,
,"Тюменский муниципальный округ, рабочий посёлок Боровский, улица Мира, 37",43.5,Вторичка,5500000,126437,1,2/5,ЖК Шоколад,2026-06-01,https://realty.yandex.ru/offer/6352161035591080039/,Яндекс.Недвижимость,2026-07-04,
Дударева (пригород),"деревня Дударева, Тюменская улица, 1",48.6,Вторичка,6150000,126543,1,1/6,ЖК Андерсен Парк,2026-06-30,https://realty.yandex.ru/offer/3960473055664330339/,Яндекс.Недвижимость,2026-07-04,
,"Интернациональная улица, 197Г",24.3,Вторичка,3800000,156379,студия,3/15,ЖК Облака,2026-05-27,https://realty.yandex.ru/offer/6352161035621440787/,Яндекс.Недвижимость,2026-07-04,
,"улица Республики, 10",78.5,Вторичка,8500000,108280,3,2/4,,2026-05-20,https://realty.yandex.ru/offer/6352161035595580368/,Яндекс.Недвижимость,2026-07-04,
,"улица Газовиков, 36",63.8,Вторичка,19000000,297806,3,4/6,ЖК Европейский квартал,2026-05-27,https://realty.yandex.ru/offer/5414547313824926031/,Яндекс.Недвижимость,2026-07-04,
,"улица Мельникайте, 109к1",172,Вторичка,12800000,74419,4,12/12,,2026-06-01,https://realty.yandex.ru/offer/5560414764277299799/,Яндекс.Недвижимость,2026-07-04,
,"Профсоюзная улица, 63",32.2,Вторичка,8500000,263975,1,21/21,ЖК CityZen,2026-05-23,https://realty.yandex.ru/offer/5560414764276135967/,Яндекс.Недвижимость,2026-07-04,
,"Интернациональная улица, 197В",24.3,Вторичка,4199000,172798,студия,1/15,ЖК Облака,2026-06-12,https://realty.yandex.ru/offer/6352161035590842635/,Яндекс.Недвижимость,2026-07-04,
,"Севастопольская улица, 37",59,Вторичка,4800000,81356,3,5/5,,2026-05-05,https://realty.yandex.ru/offer/6352161035621559977/,Яндекс.Недвижимость,2026-07-04,
,"улица Станислава Карнацевича, 7",29.2,Вторичка,5130000,175685,1,3/16,,2026-06-29,https://realty.yandex.ru/offer/6352161035588131560/,Яндекс.Недвижимость,2026-07-04,
,"улица Максима Горького, 47",140,Вторичка,27000000,192857,3,2/5,,2026-06-02,https://realty.yandex.ru/offer/6352161035591887116/,Яндекс.Недвижимость,2026-07-04,
,"улица Николая Ростовцева, 2",65,Вторичка,12300000,189231,2,10/17,,2026-05-08,https://realty.yandex.ru/offer/6352161035590184262/,Яндекс.Недвижимость,2026-07-04,
,"микрорайон Антипино, улица Александра Пушкина, 8",58,Вторичка,4200000,72414,2,3/4,,2026-05-30,https://realty.yandex.ru/offer/6352161035592010313/,Яндекс.Недвижимость,2026-07-04,
,"Вересковая улица, 12",35.8,Вторичка,5500000,153631,1,5/9,,2026-05-04,https://realty.yandex.ru/offer/6352161035621587009/,Яндекс.Недвижимость,2026-07-04,
,"Широтная улица, 189",85.5,Вторичка,8000000,93567,3,4/20,,2026-06-23,https://realty.yandex.ru/offer/6352161035587421383/,Яндекс.Недвижимость,2026-07-04,
,"Киевская улица, 61",42.4,Вторичка,5100000,120283,2,2/5,,2026-06-30,https://realty.yandex.ru/offer/5228513234276426468/,Яндекс.Недвижимость,2026-07-04,
,"микрорайон Мыс, улица Малиновского, 5Б",80,Вторичка,6999000,87488,2,2/14,,2026-07-03,https://realty.yandex.ru/offer/6352161035587389577/,Яндекс.Недвижимость,2026-07-04,
,"Севастопольская улица, 14",112.8,Вторичка,17300000,153369,2,9/10,ЖК The Liberty,2026-05-25,https://realty.yandex.ru/offer/5560414764306793754/,Яндекс.Недвижимость,2026-07-04,
,"микрорайон Мыс, улица Малиновского, 4к1",68,Вторичка,5950000,87500,3,8/10,,2026-05-29,https://realty.yandex.ru/offer/6352161035648132467/,Яндекс.Недвижимость,2026-07-04,
,"улица Челюскинцев, 5",89.8,Вторичка,25000000,278396,3,3/9,,2026-06-17,https://realty.yandex.ru/offer/5226826101321007112/,Яндекс.Недвижимость,2026-07-04,
,"улица Свердлова, 18",79.7,Вторичка,8000000,100376,3,1/9,,2026-05-12,https://realty.yandex.ru/offer/6352161035620451886/,Яндекс.Недвижимость,2026-07-04,
,"Алматинская улица, 4",44,Вторичка,6650000,151136,1,18/19,Микрорайон Звездный,2026-06-01,https://realty.yandex.ru/offer/6352161035590035241/,Яндекс.Недвижимость,2026-07-04,
,"улица Тимофея Чаркова, 81к2",28.7,Вторичка,5500000,191638,студия,10/19,Микрорайон Звездный,2026-05-25,https://realty.yandex.ru/offer/5226826101320169921/,Яндекс.Недвижимость,2026-07-04,
,"Стартовая улица, 5",65.3,Вторичка,7200000,110260,3,6/9,,2026-05-12,https://realty.yandex.ru/offer/5226826101320295134/,Яндекс.Недвижимость,2026-07-04,
Дударева (пригород),"деревня Дударева, улица Сергея Джанбровского, 4к1",48.6,Вторичка,6150000,126543,1,1/16,ЖК Андерсен Парк,2026-05-25,https://realty.yandex.ru/offer/5414547313824718706/,Яндекс.Недвижимость,2026-07-04,
,"Ленинский округ, Текстильная улица, 21",47,Вторичка,5150000,109574,2,2/5,,2026-05-13,https://realty.yandex.ru/offer/5560414764283793251/,Яндекс.Недвижимость,2026-07-04,
,"улица Малыгина, 8",96.3,Вторичка,9700000,100727,3,5/10,,2026-05-25,https://realty.yandex.ru/offer/5414547313824804078/,Яндекс.Недвижимость,2026-07-04,
,"6-й микрорайон, улица Валерии Гнаровской, 5",101,Вторичка,9800000,97030,4,3/9,,2026-06-22,https://realty.yandex.ru/offer/6352161035591915891/,Яндекс.Недвижимость,2026-07-04,
,"улица Монтажников, 18",48.4,Вторичка,5900000,121901,2,11/12,,2026-05-13,https://realty.yandex.ru/offer/6352161035622363436/,Яндекс.Недвижимость,2026-07-04,
,"улица Павла Никольского, 10к1",58.6,Вторичка,5200000,88737,3,4/10,ЖК Акватория,2026-05-21,https://realty.yandex.ru/offer/5226905584374719615/,Яндекс.Недвижимость,2026-07-04,
,"улица Воровского, 25",31,Вторичка,3450000,111290,1,4/5,,2026-06-10,https://realty.yandex.ru/offer/3248213619743269121/,Яндекс.Недвижимость,2026-07-04,
Патрушева (пригород),"деревня Патрушева, улица Александра Пушкина, 16",47.4,Вторичка,5100000,107595,2,17/20,ЖК Меридиан ЮГ,2026-05-28,https://realty.yandex.ru/offer/6352161035621351383/,Яндекс.Недвижимость,2026-07-04,
,"улица 50 лет ВЛКСМ, 107",52,Вторичка,5500000,105769,2,5/9,,2026-06-26,https://realty.yandex.ru/offer/5414547313854305937/,Яндекс.Недвижимость,2026-07-04,
,"улица Василия Гольцова, 26",51.4,Вторичка,6300000,122568,2,7/14,,2026-06-25,https://realty.yandex.ru/offer/3939090141929427286/,Яндекс.Недвижимость,2026-07-04,
Дударева (пригород),"деревня Дударева, улица Сергея Джанбровского, 4к1",57.6,Вторичка,6400000,111111,2,6/16,ЖК Андерсен Парк,2026-06-29,https://realty.yandex.ru/offer/6352161035652062084/,Яндекс.Недвижимость,2026-07-04,
,"улица Усиевича, 16",94.2,Вторичка,25000000,265393,2,8/9,ЖК Ньютон,2026-06-18,https://realty.yandex.ru/offer/5414547313847833572/,Яндекс.Недвижимость,2026-07-04,
,"микрорайон ДОК, Воронинская улица, 41",23,Вторичка,4100000,178261,студия,6/6,Квартал Октябрьский,2026-07-01,https://realty.yandex.ru/offer/6352161035592005384/,Яндекс.Недвижимость,2026-07-04,
,"улица Евгения Войнова, 3",46.6,Вторичка,6900000,148069,1,18/25,ЖК КОСМО,2026-07-01,https://realty.yandex.ru/offer/7316321141302553377/,Яндекс.Недвижимость,2026-07-04,
,"Сосьвинская улица, 47",73.2,Вторичка,7000000,95628,4,5/9,,2026-06-09,https://realty.yandex.ru/offer/6352161035593614042/,Яндекс.Недвижимость,2026-07-04,
,"улица Алексея Леонова, 36",30.4,Вторичка,5000000,164474,1,8/10,ЖК Тура-2,2026-05-21,https://realty.yandex.ru/offer/6352161035619591726/,Яндекс.Недвижимость,2026-07-04,
,"улица Михаила Сперанского, 25",55.2,Вторичка,7530000,136413,2,10/17,,2026-06-30,https://realty.yandex.ru/offer/6352161035617740968/,Яндекс.Недвижимость,2026-07-04,
,"улица Пермякова, 76к3",72.7,Вторичка,8200000,112792,2,2/10,,2026-07-01,https://realty.yandex.ru/offer/6352161035587392521/,Яндекс.Недвижимость,2026-07-04,
,"улица Парада Победы, 13",43,Вторичка,5100000,118605,1,6/10,ЖК Финский залив,2026-06-29,https://realty.yandex.ru/offer/5560414764282837892/,Яндекс.Недвижимость,2026-07-04,
